-- phpMyAdmin SQL Dump
-- version 5.2.1
-- https://www.phpmyadmin.net/
--
-- Host: 127.0.0.1
-- Generation Time: Apr 15, 2025 at 07:39 PM
-- Server version: 10.4.32-MariaDB
-- PHP Version: 8.2.12

SET SQL_MODE = "NO_AUTO_VALUE_ON_ZERO";
START TRANSACTION;
SET time_zone = "+00:00";


/*!40101 SET @OLD_CHARACTER_SET_CLIENT=@@CHARACTER_SET_CLIENT */;
/*!40101 SET @OLD_CHARACTER_SET_RESULTS=@@CHARACTER_SET_RESULTS */;
/*!40101 SET @OLD_COLLATION_CONNECTION=@@COLLATION_CONNECTION */;
/*!40101 SET NAMES utf8mb4 */;

--
-- Database: `student_task_system`
--

-- --------------------------------------------------------

--
-- Table structure for table `announcements`
--

CREATE TABLE `announcements` (
  `id` bigint(20) UNSIGNED NOT NULL,
  `title` varchar(255) NOT NULL,
  `description` text NOT NULL,
  `image` varchar(255) DEFAULT NULL,
  `scheduled_at` timestamp NULL DEFAULT NULL,
  `created_at` timestamp NULL DEFAULT NULL,
  `updated_at` timestamp NULL DEFAULT NULL,
  `deleted_at` timestamp NULL DEFAULT NULL,
  `sent` tinyint(1) NOT NULL DEFAULT 0
) ENGINE=InnoDB DEFAULT CHARSET=utf8mb4 COLLATE=utf8mb4_unicode_ci;

--
-- Dumping data for table `announcements`
--

INSERT INTO `announcements` (`id`, `title`, `description`, `image`, `scheduled_at`, `created_at`, `updated_at`, `deleted_at`, `sent`) VALUES
(1, 'ujjnyu', 'tjtj', 'announcements/images/unePT2RHpQXvKO4DQv5OGwZUFyGBCOkh8ySspuJF.png', '2025-04-16 06:00:00', '2025-04-15 00:20:06', '2025-04-15 01:33:17', NULL, 0),
(2, 'dgbdb', 'dgfbd fgnb dfgnb', 'announcements/images/CH6zuC15NAkhNubjlbjuzLwtdJpdLEirB5cA48Nc.jpg', '2025-04-17 09:05:00', '2025-04-15 01:05:36', '2025-04-15 01:38:29', '2025-04-15 01:38:29', 0),
(3, 'sfvs', 'swfcwsf', 'announcements/images/HStps5wcmlA7pfzF5GuO9BR75OzgJ5l2LQ4yhJTm.jpg', '2025-04-15 16:48:00', '2025-04-15 03:19:14', '2025-04-15 16:47:18', NULL, 0),
(4, 'test 1', 'sdsvcsv', 'announcements/images/lNY00Opk3XPDthgggb9i2WEGhrirjiN7pQOMupTj.png', NULL, '2025-04-15 03:28:30', '2025-04-15 03:29:43', '2025-04-15 03:29:43', 0),
(5, 'test 1', '5g5g g', 'announcements/images/2GQ2Vm7fJTQ8BIgNRXkc4kGXAnoIrLD3TBSiOxkk.png', '2025-04-15 16:35:00', '2025-04-15 03:29:59', '2025-04-15 16:46:55', '2025-04-15 16:46:55', 0),
(6, 'srvg ved 111', 'dgevbg devb65edrt h465tre4h 564r65y4jnhrtfn dfgb  3333', 'announcements/images/0m9Qt7uO51UjcuZelToeOUWPgd8tU9PcZUe7BJcE.png', '2025-04-15 17:15:00', '2025-04-15 17:09:33', '2025-04-15 17:10:56', NULL, 0);

-- --------------------------------------------------------

--
-- Table structure for table `cache`
--

CREATE TABLE `cache` (
  `key` varchar(255) NOT NULL,
  `value` mediumtext NOT NULL,
  `expiration` int(11) NOT NULL
) ENGINE=InnoDB DEFAULT CHARSET=utf8mb4 COLLATE=utf8mb4_unicode_ci;

-- --------------------------------------------------------

--
-- Table structure for table `cache_locks`
--

CREATE TABLE `cache_locks` (
  `key` varchar(255) NOT NULL,
  `owner` varchar(255) NOT NULL,
  `expiration` int(11) NOT NULL
) ENGINE=InnoDB DEFAULT CHARSET=utf8mb4 COLLATE=utf8mb4_unicode_ci;

-- --------------------------------------------------------

--
-- Table structure for table `delete_requests`
--

CREATE TABLE `delete_requests` (
  `id` bigint(20) UNSIGNED NOT NULL,
  `user_id` bigint(20) UNSIGNED NOT NULL,
  `requested_by` bigint(20) UNSIGNED NOT NULL,
  `status` enum('pending','approved','rejected') NOT NULL DEFAULT 'pending',
  `created_at` timestamp NULL DEFAULT NULL,
  `updated_at` timestamp NULL DEFAULT NULL
) ENGINE=InnoDB DEFAULT CHARSET=utf8mb4 COLLATE=utf8mb4_unicode_ci;

--
-- Dumping data for table `delete_requests`
--

INSERT INTO `delete_requests` (`id`, `user_id`, `requested_by`, `status`, `created_at`, `updated_at`) VALUES
(1, 5, 2, 'approved', '2025-04-14 01:17:34', '2025-04-14 01:27:51');

-- --------------------------------------------------------

--
-- Table structure for table `failed_jobs`
--

CREATE TABLE `failed_jobs` (
  `id` bigint(20) UNSIGNED NOT NULL,
  `uuid` varchar(255) NOT NULL,
  `connection` text NOT NULL,
  `queue` text NOT NULL,
  `payload` longtext NOT NULL,
  `exception` longtext NOT NULL,
  `failed_at` timestamp NOT NULL DEFAULT current_timestamp()
) ENGINE=InnoDB DEFAULT CHARSET=utf8mb4 COLLATE=utf8mb4_unicode_ci;

--
-- Dumping data for table `failed_jobs`
--

INSERT INTO `failed_jobs` (`id`, `uuid`, `connection`, `queue`, `payload`, `exception`, `failed_at`) VALUES
(1, 'a1c9d3bb-f4ac-4ccb-b364-a8802d44e0c6', 'database', 'default', '{\"uuid\":\"a1c9d3bb-f4ac-4ccb-b364-a8802d44e0c6\",\"displayName\":\"App\\\\Notifications\\\\StudentCreatedForHeadmaster\",\"job\":\"Illuminate\\\\Queue\\\\CallQueuedHandler@call\",\"maxTries\":null,\"maxExceptions\":null,\"failOnTimeout\":false,\"backoff\":null,\"timeout\":null,\"retryUntil\":null,\"data\":{\"commandName\":\"Illuminate\\\\Notifications\\\\SendQueuedNotifications\",\"command\":\"O:48:\\\"Illuminate\\\\Notifications\\\\SendQueuedNotifications\\\":3:{s:11:\\\"notifiables\\\";O:45:\\\"Illuminate\\\\Contracts\\\\Database\\\\ModelIdentifier\\\":5:{s:5:\\\"class\\\";s:15:\\\"App\\\\Models\\\\User\\\";s:2:\\\"id\\\";a:1:{i:0;i:1;}s:9:\\\"relations\\\";a:0:{}s:10:\\\"connection\\\";s:5:\\\"mysql\\\";s:15:\\\"collectionClass\\\";N;}s:12:\\\"notification\\\";O:45:\\\"App\\\\Notifications\\\\StudentCreatedForHeadmaster\\\":2:{s:7:\\\"student\\\";O:45:\\\"Illuminate\\\\Contracts\\\\Database\\\\ModelIdentifier\\\":5:{s:5:\\\"class\\\";s:15:\\\"App\\\\Models\\\\User\\\";s:2:\\\"id\\\";i:6;s:9:\\\"relations\\\";a:0:{}s:10:\\\"connection\\\";s:5:\\\"mysql\\\";s:15:\\\"collectionClass\\\";N;}s:2:\\\"id\\\";s:36:\\\"ae0473b8-5582-47a1-8d8b-1ffc71c60943\\\";}s:8:\\\"channels\\\";a:1:{i:0;s:4:\\\"mail\\\";}}\"}}', 'Illuminate\\Database\\Eloquent\\ModelNotFoundException: No query results for model [App\\Models\\User]. in C:\\xampp\\htdocs\\student-task-management-system\\vendor\\laravel\\framework\\src\\Illuminate\\Database\\Eloquent\\Builder.php:749\nStack trace:\n#0 C:\\xampp\\htdocs\\student-task-management-system\\vendor\\laravel\\framework\\src\\Illuminate\\Queue\\SerializesAndRestoresModelIdentifiers.php(110): Illuminate\\Database\\Eloquent\\Builder->firstOrFail()\n#1 C:\\xampp\\htdocs\\student-task-management-system\\vendor\\laravel\\framework\\src\\Illuminate\\Queue\\SerializesAndRestoresModelIdentifiers.php(63): Illuminate\\Notifications\\Notification->restoreModel(Object(Illuminate\\Contracts\\Database\\ModelIdentifier))\n#2 C:\\xampp\\htdocs\\student-task-management-system\\vendor\\laravel\\framework\\src\\Illuminate\\Queue\\SerializesModels.php(93): Illuminate\\Notifications\\Notification->getRestoredPropertyValue(Object(Illuminate\\Contracts\\Database\\ModelIdentifier))\n#3 [internal function]: Illuminate\\Notifications\\Notification->__unserialize(Array)\n#4 C:\\xampp\\htdocs\\student-task-management-system\\vendor\\laravel\\framework\\src\\Illuminate\\Queue\\CallQueuedHandler.php(95): unserialize(\'O:48:\"Illuminat...\')\n#5 C:\\xampp\\htdocs\\student-task-management-system\\vendor\\laravel\\framework\\src\\Illuminate\\Queue\\CallQueuedHandler.php(62): Illuminate\\Queue\\CallQueuedHandler->getCommand(Array)\n#6 C:\\xampp\\htdocs\\student-task-management-system\\vendor\\laravel\\framework\\src\\Illuminate\\Queue\\Jobs\\Job.php(102): Illuminate\\Queue\\CallQueuedHandler->call(Object(Illuminate\\Queue\\Jobs\\DatabaseJob), Array)\n#7 C:\\xampp\\htdocs\\student-task-management-system\\vendor\\laravel\\framework\\src\\Illuminate\\Queue\\Worker.php(441): Illuminate\\Queue\\Jobs\\Job->fire()\n#8 C:\\xampp\\htdocs\\student-task-management-system\\vendor\\laravel\\framework\\src\\Illuminate\\Queue\\Worker.php(391): Illuminate\\Queue\\Worker->process(\'database\', Object(Illuminate\\Queue\\Jobs\\DatabaseJob), Object(Illuminate\\Queue\\WorkerOptions))\n#9 C:\\xampp\\htdocs\\student-task-management-system\\vendor\\laravel\\framework\\src\\Illuminate\\Queue\\Worker.php(177): Illuminate\\Queue\\Worker->runJob(Object(Illuminate\\Queue\\Jobs\\DatabaseJob), \'database\', Object(Illuminate\\Queue\\WorkerOptions))\n#10 C:\\xampp\\htdocs\\student-task-management-system\\vendor\\laravel\\framework\\src\\Illuminate\\Queue\\Console\\WorkCommand.php(148): Illuminate\\Queue\\Worker->daemon(\'database\', \'default\', Object(Illuminate\\Queue\\WorkerOptions))\n#11 C:\\xampp\\htdocs\\student-task-management-system\\vendor\\laravel\\framework\\src\\Illuminate\\Queue\\Console\\WorkCommand.php(131): Illuminate\\Queue\\Console\\WorkCommand->runWorker(\'database\', \'default\')\n#12 C:\\xampp\\htdocs\\student-task-management-system\\vendor\\laravel\\framework\\src\\Illuminate\\Container\\BoundMethod.php(36): Illuminate\\Queue\\Console\\WorkCommand->handle()\n#13 C:\\xampp\\htdocs\\student-task-management-system\\vendor\\laravel\\framework\\src\\Illuminate\\Container\\Util.php(43): Illuminate\\Container\\BoundMethod::Illuminate\\Container\\{closure}()\n#14 C:\\xampp\\htdocs\\student-task-management-system\\vendor\\laravel\\framework\\src\\Illuminate\\Container\\BoundMethod.php(96): Illuminate\\Container\\Util::unwrapIfClosure(Object(Closure))\n#15 C:\\xampp\\htdocs\\student-task-management-system\\vendor\\laravel\\framework\\src\\Illuminate\\Container\\BoundMethod.php(35): Illuminate\\Container\\BoundMethod::callBoundMethod(Object(Illuminate\\Foundation\\Application), Array, Object(Closure))\n#16 C:\\xampp\\htdocs\\student-task-management-system\\vendor\\laravel\\framework\\src\\Illuminate\\Container\\Container.php(754): Illuminate\\Container\\BoundMethod::call(Object(Illuminate\\Foundation\\Application), Array, Array, NULL)\n#17 C:\\xampp\\htdocs\\student-task-management-system\\vendor\\laravel\\framework\\src\\Illuminate\\Console\\Command.php(211): Illuminate\\Container\\Container->call(Array)\n#18 C:\\xampp\\htdocs\\student-task-management-system\\vendor\\symfony\\console\\Command\\Command.php(279): Illuminate\\Console\\Command->execute(Object(Symfony\\Component\\Console\\Input\\ArgvInput), Object(Illuminate\\Console\\OutputStyle))\n#19 C:\\xampp\\htdocs\\student-task-management-system\\vendor\\laravel\\framework\\src\\Illuminate\\Console\\Command.php(180): Symfony\\Component\\Console\\Command\\Command->run(Object(Symfony\\Component\\Console\\Input\\ArgvInput), Object(Illuminate\\Console\\OutputStyle))\n#20 C:\\xampp\\htdocs\\student-task-management-system\\vendor\\symfony\\console\\Application.php(1094): Illuminate\\Console\\Command->run(Object(Symfony\\Component\\Console\\Input\\ArgvInput), Object(Symfony\\Component\\Console\\Output\\ConsoleOutput))\n#21 C:\\xampp\\htdocs\\student-task-management-system\\vendor\\symfony\\console\\Application.php(342): Symfony\\Component\\Console\\Application->doRunCommand(Object(Illuminate\\Queue\\Console\\WorkCommand), Object(Symfony\\Component\\Console\\Input\\ArgvInput), Object(Symfony\\Component\\Console\\Output\\ConsoleOutput))\n#22 C:\\xampp\\htdocs\\student-task-management-system\\vendor\\symfony\\console\\Application.php(193): Symfony\\Component\\Console\\Application->doRun(Object(Symfony\\Component\\Console\\Input\\ArgvInput), Object(Symfony\\Component\\Console\\Output\\ConsoleOutput))\n#23 C:\\xampp\\htdocs\\student-task-management-system\\vendor\\laravel\\framework\\src\\Illuminate\\Foundation\\Console\\Kernel.php(197): Symfony\\Component\\Console\\Application->run(Object(Symfony\\Component\\Console\\Input\\ArgvInput), Object(Symfony\\Component\\Console\\Output\\ConsoleOutput))\n#24 C:\\xampp\\htdocs\\student-task-management-system\\vendor\\laravel\\framework\\src\\Illuminate\\Foundation\\Application.php(1234): Illuminate\\Foundation\\Console\\Kernel->handle(Object(Symfony\\Component\\Console\\Input\\ArgvInput), Object(Symfony\\Component\\Console\\Output\\ConsoleOutput))\n#25 C:\\xampp\\htdocs\\student-task-management-system\\artisan(16): Illuminate\\Foundation\\Application->handleCommand(Object(Symfony\\Component\\Console\\Input\\ArgvInput))\n#26 {main}', '2025-04-14 00:51:51'),
(2, 'b6c4cd13-c8aa-40dd-905a-a04ab63a8438', 'database', 'default', '{\"uuid\":\"b6c4cd13-c8aa-40dd-905a-a04ab63a8438\",\"displayName\":\"App\\\\Notifications\\\\AnnouncementNotification\",\"job\":\"Illuminate\\\\Queue\\\\CallQueuedHandler@call\",\"maxTries\":null,\"maxExceptions\":null,\"failOnTimeout\":false,\"backoff\":null,\"timeout\":null,\"retryUntil\":null,\"data\":{\"commandName\":\"Illuminate\\\\Notifications\\\\SendQueuedNotifications\",\"command\":\"O:48:\\\"Illuminate\\\\Notifications\\\\SendQueuedNotifications\\\":3:{s:11:\\\"notifiables\\\";O:45:\\\"Illuminate\\\\Contracts\\\\Database\\\\ModelIdentifier\\\":5:{s:5:\\\"class\\\";s:15:\\\"App\\\\Models\\\\User\\\";s:2:\\\"id\\\";a:1:{i:0;i:7;}s:9:\\\"relations\\\";a:0:{}s:10:\\\"connection\\\";s:5:\\\"mysql\\\";s:15:\\\"collectionClass\\\";N;}s:12:\\\"notification\\\";O:42:\\\"App\\\\Notifications\\\\AnnouncementNotification\\\":2:{s:12:\\\"announcement\\\";O:45:\\\"Illuminate\\\\Contracts\\\\Database\\\\ModelIdentifier\\\":5:{s:5:\\\"class\\\";s:23:\\\"App\\\\Models\\\\Announcement\\\";s:2:\\\"id\\\";i:5;s:9:\\\"relations\\\";a:0:{}s:10:\\\"connection\\\";s:5:\\\"mysql\\\";s:15:\\\"collectionClass\\\";N;}s:2:\\\"id\\\";s:36:\\\"f58bbf8d-535d-493a-93bb-c14dcebf3d21\\\";}s:8:\\\"channels\\\";a:1:{i:0;s:4:\\\"mail\\\";}}\"}}', 'InvalidArgumentException: View [emails.announcement] not found. in C:\\xampp\\htdocs\\student-task-management-system\\vendor\\laravel\\framework\\src\\Illuminate\\View\\FileViewFinder.php:138\nStack trace:\n#0 C:\\xampp\\htdocs\\student-task-management-system\\vendor\\laravel\\framework\\src\\Illuminate\\View\\FileViewFinder.php(78): Illuminate\\View\\FileViewFinder->findInPaths(\'emails.announce...\', Array)\n#1 C:\\xampp\\htdocs\\student-task-management-system\\vendor\\laravel\\framework\\src\\Illuminate\\View\\Factory.php(150): Illuminate\\View\\FileViewFinder->find(\'emails.announce...\')\n#2 C:\\xampp\\htdocs\\student-task-management-system\\vendor\\laravel\\framework\\src\\Illuminate\\Mail\\Markdown.php(64): Illuminate\\View\\Factory->make(\'emails.announce...\', Array)\n#3 C:\\xampp\\htdocs\\student-task-management-system\\vendor\\laravel\\framework\\src\\Illuminate\\Notifications\\Channels\\MailChannel.php(114): Illuminate\\Mail\\Markdown->render(\'emails.announce...\', Array)\n#4 C:\\xampp\\htdocs\\student-task-management-system\\vendor\\laravel\\framework\\src\\Illuminate\\Collections\\helpers.php(236): Illuminate\\Notifications\\Channels\\MailChannel->Illuminate\\Notifications\\Channels\\{closure}(Array)\n#5 C:\\xampp\\htdocs\\student-task-management-system\\vendor\\laravel\\framework\\src\\Illuminate\\Mail\\Mailer.php(440): value(Object(Closure), Array)\n#6 C:\\xampp\\htdocs\\student-task-management-system\\vendor\\laravel\\framework\\src\\Illuminate\\Mail\\Mailer.php(419): Illuminate\\Mail\\Mailer->renderView(Object(Closure), Array)\n#7 C:\\xampp\\htdocs\\student-task-management-system\\vendor\\laravel\\framework\\src\\Illuminate\\Mail\\Mailer.php(312): Illuminate\\Mail\\Mailer->addContent(Object(Illuminate\\Mail\\Message), Object(Closure), Object(Closure), NULL, Array)\n#8 C:\\xampp\\htdocs\\student-task-management-system\\vendor\\laravel\\framework\\src\\Illuminate\\Notifications\\Channels\\MailChannel.php(66): Illuminate\\Mail\\Mailer->send(Object(Closure), Array, Object(Closure))\n#9 C:\\xampp\\htdocs\\student-task-management-system\\vendor\\laravel\\framework\\src\\Illuminate\\Notifications\\NotificationSender.php(147): Illuminate\\Notifications\\Channels\\MailChannel->send(Object(App\\Models\\User), Object(App\\Notifications\\AnnouncementNotification))\n#10 C:\\xampp\\htdocs\\student-task-management-system\\vendor\\laravel\\framework\\src\\Illuminate\\Notifications\\NotificationSender.php(105): Illuminate\\Notifications\\NotificationSender->sendToNotifiable(Object(App\\Models\\User), \'ef180508-31ee-4...\', Object(App\\Notifications\\AnnouncementNotification), \'mail\')\n#11 C:\\xampp\\htdocs\\student-task-management-system\\vendor\\laravel\\framework\\src\\Illuminate\\Support\\Traits\\Localizable.php(19): Illuminate\\Notifications\\NotificationSender->Illuminate\\Notifications\\{closure}()\n#12 C:\\xampp\\htdocs\\student-task-management-system\\vendor\\laravel\\framework\\src\\Illuminate\\Notifications\\NotificationSender.php(100): Illuminate\\Notifications\\NotificationSender->withLocale(NULL, Object(Closure))\n#13 C:\\xampp\\htdocs\\student-task-management-system\\vendor\\laravel\\framework\\src\\Illuminate\\Notifications\\ChannelManager.php(54): Illuminate\\Notifications\\NotificationSender->sendNow(Object(Illuminate\\Database\\Eloquent\\Collection), Object(App\\Notifications\\AnnouncementNotification), Array)\n#14 C:\\xampp\\htdocs\\student-task-management-system\\vendor\\laravel\\framework\\src\\Illuminate\\Notifications\\SendQueuedNotifications.php(118): Illuminate\\Notifications\\ChannelManager->sendNow(Object(Illuminate\\Database\\Eloquent\\Collection), Object(App\\Notifications\\AnnouncementNotification), Array)\n#15 C:\\xampp\\htdocs\\student-task-management-system\\vendor\\laravel\\framework\\src\\Illuminate\\Container\\BoundMethod.php(36): Illuminate\\Notifications\\SendQueuedNotifications->handle(Object(Illuminate\\Notifications\\ChannelManager))\n#16 C:\\xampp\\htdocs\\student-task-management-system\\vendor\\laravel\\framework\\src\\Illuminate\\Container\\Util.php(43): Illuminate\\Container\\BoundMethod::Illuminate\\Container\\{closure}()\n#17 C:\\xampp\\htdocs\\student-task-management-system\\vendor\\laravel\\framework\\src\\Illuminate\\Container\\BoundMethod.php(96): Illuminate\\Container\\Util::unwrapIfClosure(Object(Closure))\n#18 C:\\xampp\\htdocs\\student-task-management-system\\vendor\\laravel\\framework\\src\\Illuminate\\Container\\BoundMethod.php(35): Illuminate\\Container\\BoundMethod::callBoundMethod(Object(Illuminate\\Foundation\\Application), Array, Object(Closure))\n#19 C:\\xampp\\htdocs\\student-task-management-system\\vendor\\laravel\\framework\\src\\Illuminate\\Container\\Container.php(754): Illuminate\\Container\\BoundMethod::call(Object(Illuminate\\Foundation\\Application), Array, Array, NULL)\n#20 C:\\xampp\\htdocs\\student-task-management-system\\vendor\\laravel\\framework\\src\\Illuminate\\Bus\\Dispatcher.php(125): Illuminate\\Container\\Container->call(Array)\n#21 C:\\xampp\\htdocs\\student-task-management-system\\vendor\\laravel\\framework\\src\\Illuminate\\Pipeline\\Pipeline.php(169): Illuminate\\Bus\\Dispatcher->Illuminate\\Bus\\{closure}(Object(Illuminate\\Notifications\\SendQueuedNotifications))\n#22 C:\\xampp\\htdocs\\student-task-management-system\\vendor\\laravel\\framework\\src\\Illuminate\\Pipeline\\Pipeline.php(126): Illuminate\\Pipeline\\Pipeline->Illuminate\\Pipeline\\{closure}(Object(Illuminate\\Notifications\\SendQueuedNotifications))\n#23 C:\\xampp\\htdocs\\student-task-management-system\\vendor\\laravel\\framework\\src\\Illuminate\\Bus\\Dispatcher.php(129): Illuminate\\Pipeline\\Pipeline->then(Object(Closure))\n#24 C:\\xampp\\htdocs\\student-task-management-system\\vendor\\laravel\\framework\\src\\Illuminate\\Queue\\CallQueuedHandler.php(125): Illuminate\\Bus\\Dispatcher->dispatchNow(Object(Illuminate\\Notifications\\SendQueuedNotifications), false)\n#25 C:\\xampp\\htdocs\\student-task-management-system\\vendor\\laravel\\framework\\src\\Illuminate\\Pipeline\\Pipeline.php(169): Illuminate\\Queue\\CallQueuedHandler->Illuminate\\Queue\\{closure}(Object(Illuminate\\Notifications\\SendQueuedNotifications))\n#26 C:\\xampp\\htdocs\\student-task-management-system\\vendor\\laravel\\framework\\src\\Illuminate\\Pipeline\\Pipeline.php(126): Illuminate\\Pipeline\\Pipeline->Illuminate\\Pipeline\\{closure}(Object(Illuminate\\Notifications\\SendQueuedNotifications))\n#27 C:\\xampp\\htdocs\\student-task-management-system\\vendor\\laravel\\framework\\src\\Illuminate\\Queue\\CallQueuedHandler.php(120): Illuminate\\Pipeline\\Pipeline->then(Object(Closure))\n#28 C:\\xampp\\htdocs\\student-task-management-system\\vendor\\laravel\\framework\\src\\Illuminate\\Queue\\CallQueuedHandler.php(68): Illuminate\\Queue\\CallQueuedHandler->dispatchThroughMiddleware(Object(Illuminate\\Queue\\Jobs\\DatabaseJob), Object(Illuminate\\Notifications\\SendQueuedNotifications))\n#29 C:\\xampp\\htdocs\\student-task-management-system\\vendor\\laravel\\framework\\src\\Illuminate\\Queue\\Jobs\\Job.php(102): Illuminate\\Queue\\CallQueuedHandler->call(Object(Illuminate\\Queue\\Jobs\\DatabaseJob), Array)\n#30 C:\\xampp\\htdocs\\student-task-management-system\\vendor\\laravel\\framework\\src\\Illuminate\\Queue\\Worker.php(441): Illuminate\\Queue\\Jobs\\Job->fire()\n#31 C:\\xampp\\htdocs\\student-task-management-system\\vendor\\laravel\\framework\\src\\Illuminate\\Queue\\Worker.php(391): Illuminate\\Queue\\Worker->process(\'database\', Object(Illuminate\\Queue\\Jobs\\DatabaseJob), Object(Illuminate\\Queue\\WorkerOptions))\n#32 C:\\xampp\\htdocs\\student-task-management-system\\vendor\\laravel\\framework\\src\\Illuminate\\Queue\\Worker.php(177): Illuminate\\Queue\\Worker->runJob(Object(Illuminate\\Queue\\Jobs\\DatabaseJob), \'database\', Object(Illuminate\\Queue\\WorkerOptions))\n#33 C:\\xampp\\htdocs\\student-task-management-system\\vendor\\laravel\\framework\\src\\Illuminate\\Queue\\Console\\WorkCommand.php(148): Illuminate\\Queue\\Worker->daemon(\'database\', \'default\', Object(Illuminate\\Queue\\WorkerOptions))\n#34 C:\\xampp\\htdocs\\student-task-management-system\\vendor\\laravel\\framework\\src\\Illuminate\\Queue\\Console\\WorkCommand.php(131): Illuminate\\Queue\\Console\\WorkCommand->runWorker(\'database\', \'default\')\n#35 C:\\xampp\\htdocs\\student-task-management-system\\vendor\\laravel\\framework\\src\\Illuminate\\Container\\BoundMethod.php(36): Illuminate\\Queue\\Console\\WorkCommand->handle()\n#36 C:\\xampp\\htdocs\\student-task-management-system\\vendor\\laravel\\framework\\src\\Illuminate\\Container\\Util.php(43): Illuminate\\Container\\BoundMethod::Illuminate\\Container\\{closure}()\n#37 C:\\xampp\\htdocs\\student-task-management-system\\vendor\\laravel\\framework\\src\\Illuminate\\Container\\BoundMethod.php(96): Illuminate\\Container\\Util::unwrapIfClosure(Object(Closure))\n#38 C:\\xampp\\htdocs\\student-task-management-system\\vendor\\laravel\\framework\\src\\Illuminate\\Container\\BoundMethod.php(35): Illuminate\\Container\\BoundMethod::callBoundMethod(Object(Illuminate\\Foundation\\Application), Array, Object(Closure))\n#39 C:\\xampp\\htdocs\\student-task-management-system\\vendor\\laravel\\framework\\src\\Illuminate\\Container\\Container.php(754): Illuminate\\Container\\BoundMethod::call(Object(Illuminate\\Foundation\\Application), Array, Array, NULL)\n#40 C:\\xampp\\htdocs\\student-task-management-system\\vendor\\laravel\\framework\\src\\Illuminate\\Console\\Command.php(211): Illuminate\\Container\\Container->call(Array)\n#41 C:\\xampp\\htdocs\\student-task-management-system\\vendor\\symfony\\console\\Command\\Command.php(279): Illuminate\\Console\\Command->execute(Object(Symfony\\Component\\Console\\Input\\ArgvInput), Object(Illuminate\\Console\\OutputStyle))\n#42 C:\\xampp\\htdocs\\student-task-management-system\\vendor\\laravel\\framework\\src\\Illuminate\\Console\\Command.php(180): Symfony\\Component\\Console\\Command\\Command->run(Object(Symfony\\Component\\Console\\Input\\ArgvInput), Object(Illuminate\\Console\\OutputStyle))\n#43 C:\\xampp\\htdocs\\student-task-management-system\\vendor\\symfony\\console\\Application.php(1094): Illuminate\\Console\\Command->run(Object(Symfony\\Component\\Console\\Input\\ArgvInput), Object(Symfony\\Component\\Console\\Output\\ConsoleOutput))\n#44 C:\\xampp\\htdocs\\student-task-management-system\\vendor\\symfony\\console\\Application.php(342): Symfony\\Component\\Console\\Application->doRunCommand(Object(Illuminate\\Queue\\Console\\WorkCommand), Object(Symfony\\Component\\Console\\Input\\ArgvInput), Object(Symfony\\Component\\Console\\Output\\ConsoleOutput))\n#45 C:\\xampp\\htdocs\\student-task-management-system\\vendor\\symfony\\console\\Application.php(193): Symfony\\Component\\Console\\Application->doRun(Object(Symfony\\Component\\Console\\Input\\ArgvInput), Object(Symfony\\Component\\Console\\Output\\ConsoleOutput))\n#46 C:\\xampp\\htdocs\\student-task-management-system\\vendor\\laravel\\framework\\src\\Illuminate\\Foundation\\Console\\Kernel.php(197): Symfony\\Component\\Console\\Application->run(Object(Symfony\\Component\\Console\\Input\\ArgvInput), Object(Symfony\\Component\\Console\\Output\\ConsoleOutput))\n#47 C:\\xampp\\htdocs\\student-task-management-system\\vendor\\laravel\\framework\\src\\Illuminate\\Foundation\\Application.php(1234): Illuminate\\Foundation\\Console\\Kernel->handle(Object(Symfony\\Component\\Console\\Input\\ArgvInput), Object(Symfony\\Component\\Console\\Output\\ConsoleOutput))\n#48 C:\\xampp\\htdocs\\student-task-management-system\\artisan(16): Illuminate\\Foundation\\Application->handleCommand(Object(Symfony\\Component\\Console\\Input\\ArgvInput))\n#49 {main}', '2025-04-15 16:43:07'),
(3, '57260dcb-70fd-405f-ab0b-0b63a60c86d7', 'database', 'default', '{\"uuid\":\"57260dcb-70fd-405f-ab0b-0b63a60c86d7\",\"displayName\":\"App\\\\Notifications\\\\AnnouncementNotification\",\"job\":\"Illuminate\\\\Queue\\\\CallQueuedHandler@call\",\"maxTries\":null,\"maxExceptions\":null,\"failOnTimeout\":false,\"backoff\":null,\"timeout\":null,\"retryUntil\":null,\"data\":{\"commandName\":\"Illuminate\\\\Notifications\\\\SendQueuedNotifications\",\"command\":\"O:48:\\\"Illuminate\\\\Notifications\\\\SendQueuedNotifications\\\":3:{s:11:\\\"notifiables\\\";O:45:\\\"Illuminate\\\\Contracts\\\\Database\\\\ModelIdentifier\\\":5:{s:5:\\\"class\\\";s:15:\\\"App\\\\Models\\\\User\\\";s:2:\\\"id\\\";a:1:{i:0;i:8;}s:9:\\\"relations\\\";a:0:{}s:10:\\\"connection\\\";s:5:\\\"mysql\\\";s:15:\\\"collectionClass\\\";N;}s:12:\\\"notification\\\";O:42:\\\"App\\\\Notifications\\\\AnnouncementNotification\\\":2:{s:12:\\\"announcement\\\";O:45:\\\"Illuminate\\\\Contracts\\\\Database\\\\ModelIdentifier\\\":5:{s:5:\\\"class\\\";s:23:\\\"App\\\\Models\\\\Announcement\\\";s:2:\\\"id\\\";i:5;s:9:\\\"relations\\\";a:0:{}s:10:\\\"connection\\\";s:5:\\\"mysql\\\";s:15:\\\"collectionClass\\\";N;}s:2:\\\"id\\\";s:36:\\\"8e7c691a-77d9-4073-8a12-9993d4221b6b\\\";}s:8:\\\"channels\\\";a:1:{i:0;s:4:\\\"mail\\\";}}\"}}', 'InvalidArgumentException: View [emails.announcement] not found. in C:\\xampp\\htdocs\\student-task-management-system\\vendor\\laravel\\framework\\src\\Illuminate\\View\\FileViewFinder.php:138\nStack trace:\n#0 C:\\xampp\\htdocs\\student-task-management-system\\vendor\\laravel\\framework\\src\\Illuminate\\View\\FileViewFinder.php(78): Illuminate\\View\\FileViewFinder->findInPaths(\'emails.announce...\', Array)\n#1 C:\\xampp\\htdocs\\student-task-management-system\\vendor\\laravel\\framework\\src\\Illuminate\\View\\Factory.php(150): Illuminate\\View\\FileViewFinder->find(\'emails.announce...\')\n#2 C:\\xampp\\htdocs\\student-task-management-system\\vendor\\laravel\\framework\\src\\Illuminate\\Mail\\Markdown.php(64): Illuminate\\View\\Factory->make(\'emails.announce...\', Array)\n#3 C:\\xampp\\htdocs\\student-task-management-system\\vendor\\laravel\\framework\\src\\Illuminate\\Notifications\\Channels\\MailChannel.php(114): Illuminate\\Mail\\Markdown->render(\'emails.announce...\', Array)\n#4 C:\\xampp\\htdocs\\student-task-management-system\\vendor\\laravel\\framework\\src\\Illuminate\\Collections\\helpers.php(236): Illuminate\\Notifications\\Channels\\MailChannel->Illuminate\\Notifications\\Channels\\{closure}(Array)\n#5 C:\\xampp\\htdocs\\student-task-management-system\\vendor\\laravel\\framework\\src\\Illuminate\\Mail\\Mailer.php(440): value(Object(Closure), Array)\n#6 C:\\xampp\\htdocs\\student-task-management-system\\vendor\\laravel\\framework\\src\\Illuminate\\Mail\\Mailer.php(419): Illuminate\\Mail\\Mailer->renderView(Object(Closure), Array)\n#7 C:\\xampp\\htdocs\\student-task-management-system\\vendor\\laravel\\framework\\src\\Illuminate\\Mail\\Mailer.php(312): Illuminate\\Mail\\Mailer->addContent(Object(Illuminate\\Mail\\Message), Object(Closure), Object(Closure), NULL, Array)\n#8 C:\\xampp\\htdocs\\student-task-management-system\\vendor\\laravel\\framework\\src\\Illuminate\\Notifications\\Channels\\MailChannel.php(66): Illuminate\\Mail\\Mailer->send(Object(Closure), Array, Object(Closure))\n#9 C:\\xampp\\htdocs\\student-task-management-system\\vendor\\laravel\\framework\\src\\Illuminate\\Notifications\\NotificationSender.php(147): Illuminate\\Notifications\\Channels\\MailChannel->send(Object(App\\Models\\User), Object(App\\Notifications\\AnnouncementNotification))\n#10 C:\\xampp\\htdocs\\student-task-management-system\\vendor\\laravel\\framework\\src\\Illuminate\\Notifications\\NotificationSender.php(105): Illuminate\\Notifications\\NotificationSender->sendToNotifiable(Object(App\\Models\\User), \'0ea109de-ef29-4...\', Object(App\\Notifications\\AnnouncementNotification), \'mail\')\n#11 C:\\xampp\\htdocs\\student-task-management-system\\vendor\\laravel\\framework\\src\\Illuminate\\Support\\Traits\\Localizable.php(19): Illuminate\\Notifications\\NotificationSender->Illuminate\\Notifications\\{closure}()\n#12 C:\\xampp\\htdocs\\student-task-management-system\\vendor\\laravel\\framework\\src\\Illuminate\\Notifications\\NotificationSender.php(100): Illuminate\\Notifications\\NotificationSender->withLocale(NULL, Object(Closure))\n#13 C:\\xampp\\htdocs\\student-task-management-system\\vendor\\laravel\\framework\\src\\Illuminate\\Notifications\\ChannelManager.php(54): Illuminate\\Notifications\\NotificationSender->sendNow(Object(Illuminate\\Database\\Eloquent\\Collection), Object(App\\Notifications\\AnnouncementNotification), Array)\n#14 C:\\xampp\\htdocs\\student-task-management-system\\vendor\\laravel\\framework\\src\\Illuminate\\Notifications\\SendQueuedNotifications.php(118): Illuminate\\Notifications\\ChannelManager->sendNow(Object(Illuminate\\Database\\Eloquent\\Collection), Object(App\\Notifications\\AnnouncementNotification), Array)\n#15 C:\\xampp\\htdocs\\student-task-management-system\\vendor\\laravel\\framework\\src\\Illuminate\\Container\\BoundMethod.php(36): Illuminate\\Notifications\\SendQueuedNotifications->handle(Object(Illuminate\\Notifications\\ChannelManager))\n#16 C:\\xampp\\htdocs\\student-task-management-system\\vendor\\laravel\\framework\\src\\Illuminate\\Container\\Util.php(43): Illuminate\\Container\\BoundMethod::Illuminate\\Container\\{closure}()\n#17 C:\\xampp\\htdocs\\student-task-management-system\\vendor\\laravel\\framework\\src\\Illuminate\\Container\\BoundMethod.php(96): Illuminate\\Container\\Util::unwrapIfClosure(Object(Closure))\n#18 C:\\xampp\\htdocs\\student-task-management-system\\vendor\\laravel\\framework\\src\\Illuminate\\Container\\BoundMethod.php(35): Illuminate\\Container\\BoundMethod::callBoundMethod(Object(Illuminate\\Foundation\\Application), Array, Object(Closure))\n#19 C:\\xampp\\htdocs\\student-task-management-system\\vendor\\laravel\\framework\\src\\Illuminate\\Container\\Container.php(754): Illuminate\\Container\\BoundMethod::call(Object(Illuminate\\Foundation\\Application), Array, Array, NULL)\n#20 C:\\xampp\\htdocs\\student-task-management-system\\vendor\\laravel\\framework\\src\\Illuminate\\Bus\\Dispatcher.php(125): Illuminate\\Container\\Container->call(Array)\n#21 C:\\xampp\\htdocs\\student-task-management-system\\vendor\\laravel\\framework\\src\\Illuminate\\Pipeline\\Pipeline.php(169): Illuminate\\Bus\\Dispatcher->Illuminate\\Bus\\{closure}(Object(Illuminate\\Notifications\\SendQueuedNotifications))\n#22 C:\\xampp\\htdocs\\student-task-management-system\\vendor\\laravel\\framework\\src\\Illuminate\\Pipeline\\Pipeline.php(126): Illuminate\\Pipeline\\Pipeline->Illuminate\\Pipeline\\{closure}(Object(Illuminate\\Notifications\\SendQueuedNotifications))\n#23 C:\\xampp\\htdocs\\student-task-management-system\\vendor\\laravel\\framework\\src\\Illuminate\\Bus\\Dispatcher.php(129): Illuminate\\Pipeline\\Pipeline->then(Object(Closure))\n#24 C:\\xampp\\htdocs\\student-task-management-system\\vendor\\laravel\\framework\\src\\Illuminate\\Queue\\CallQueuedHandler.php(125): Illuminate\\Bus\\Dispatcher->dispatchNow(Object(Illuminate\\Notifications\\SendQueuedNotifications), false)\n#25 C:\\xampp\\htdocs\\student-task-management-system\\vendor\\laravel\\framework\\src\\Illuminate\\Pipeline\\Pipeline.php(169): Illuminate\\Queue\\CallQueuedHandler->Illuminate\\Queue\\{closure}(Object(Illuminate\\Notifications\\SendQueuedNotifications))\n#26 C:\\xampp\\htdocs\\student-task-management-system\\vendor\\laravel\\framework\\src\\Illuminate\\Pipeline\\Pipeline.php(126): Illuminate\\Pipeline\\Pipeline->Illuminate\\Pipeline\\{closure}(Object(Illuminate\\Notifications\\SendQueuedNotifications))\n#27 C:\\xampp\\htdocs\\student-task-management-system\\vendor\\laravel\\framework\\src\\Illuminate\\Queue\\CallQueuedHandler.php(120): Illuminate\\Pipeline\\Pipeline->then(Object(Closure))\n#28 C:\\xampp\\htdocs\\student-task-management-system\\vendor\\laravel\\framework\\src\\Illuminate\\Queue\\CallQueuedHandler.php(68): Illuminate\\Queue\\CallQueuedHandler->dispatchThroughMiddleware(Object(Illuminate\\Queue\\Jobs\\DatabaseJob), Object(Illuminate\\Notifications\\SendQueuedNotifications))\n#29 C:\\xampp\\htdocs\\student-task-management-system\\vendor\\laravel\\framework\\src\\Illuminate\\Queue\\Jobs\\Job.php(102): Illuminate\\Queue\\CallQueuedHandler->call(Object(Illuminate\\Queue\\Jobs\\DatabaseJob), Array)\n#30 C:\\xampp\\htdocs\\student-task-management-system\\vendor\\laravel\\framework\\src\\Illuminate\\Queue\\Worker.php(441): Illuminate\\Queue\\Jobs\\Job->fire()\n#31 C:\\xampp\\htdocs\\student-task-management-system\\vendor\\laravel\\framework\\src\\Illuminate\\Queue\\Worker.php(391): Illuminate\\Queue\\Worker->process(\'database\', Object(Illuminate\\Queue\\Jobs\\DatabaseJob), Object(Illuminate\\Queue\\WorkerOptions))\n#32 C:\\xampp\\htdocs\\student-task-management-system\\vendor\\laravel\\framework\\src\\Illuminate\\Queue\\Worker.php(177): Illuminate\\Queue\\Worker->runJob(Object(Illuminate\\Queue\\Jobs\\DatabaseJob), \'database\', Object(Illuminate\\Queue\\WorkerOptions))\n#33 C:\\xampp\\htdocs\\student-task-management-system\\vendor\\laravel\\framework\\src\\Illuminate\\Queue\\Console\\WorkCommand.php(148): Illuminate\\Queue\\Worker->daemon(\'database\', \'default\', Object(Illuminate\\Queue\\WorkerOptions))\n#34 C:\\xampp\\htdocs\\student-task-management-system\\vendor\\laravel\\framework\\src\\Illuminate\\Queue\\Console\\WorkCommand.php(131): Illuminate\\Queue\\Console\\WorkCommand->runWorker(\'database\', \'default\')\n#35 C:\\xampp\\htdocs\\student-task-management-system\\vendor\\laravel\\framework\\src\\Illuminate\\Container\\BoundMethod.php(36): Illuminate\\Queue\\Console\\WorkCommand->handle()\n#36 C:\\xampp\\htdocs\\student-task-management-system\\vendor\\laravel\\framework\\src\\Illuminate\\Container\\Util.php(43): Illuminate\\Container\\BoundMethod::Illuminate\\Container\\{closure}()\n#37 C:\\xampp\\htdocs\\student-task-management-system\\vendor\\laravel\\framework\\src\\Illuminate\\Container\\BoundMethod.php(96): Illuminate\\Container\\Util::unwrapIfClosure(Object(Closure))\n#38 C:\\xampp\\htdocs\\student-task-management-system\\vendor\\laravel\\framework\\src\\Illuminate\\Container\\BoundMethod.php(35): Illuminate\\Container\\BoundMethod::callBoundMethod(Object(Illuminate\\Foundation\\Application), Array, Object(Closure))\n#39 C:\\xampp\\htdocs\\student-task-management-system\\vendor\\laravel\\framework\\src\\Illuminate\\Container\\Container.php(754): Illuminate\\Container\\BoundMethod::call(Object(Illuminate\\Foundation\\Application), Array, Array, NULL)\n#40 C:\\xampp\\htdocs\\student-task-management-system\\vendor\\laravel\\framework\\src\\Illuminate\\Console\\Command.php(211): Illuminate\\Container\\Container->call(Array)\n#41 C:\\xampp\\htdocs\\student-task-management-system\\vendor\\symfony\\console\\Command\\Command.php(279): Illuminate\\Console\\Command->execute(Object(Symfony\\Component\\Console\\Input\\ArgvInput), Object(Illuminate\\Console\\OutputStyle))\n#42 C:\\xampp\\htdocs\\student-task-management-system\\vendor\\laravel\\framework\\src\\Illuminate\\Console\\Command.php(180): Symfony\\Component\\Console\\Command\\Command->run(Object(Symfony\\Component\\Console\\Input\\ArgvInput), Object(Illuminate\\Console\\OutputStyle))\n#43 C:\\xampp\\htdocs\\student-task-management-system\\vendor\\symfony\\console\\Application.php(1094): Illuminate\\Console\\Command->run(Object(Symfony\\Component\\Console\\Input\\ArgvInput), Object(Symfony\\Component\\Console\\Output\\ConsoleOutput))\n#44 C:\\xampp\\htdocs\\student-task-management-system\\vendor\\symfony\\console\\Application.php(342): Symfony\\Component\\Console\\Application->doRunCommand(Object(Illuminate\\Queue\\Console\\WorkCommand), Object(Symfony\\Component\\Console\\Input\\ArgvInput), Object(Symfony\\Component\\Console\\Output\\ConsoleOutput))\n#45 C:\\xampp\\htdocs\\student-task-management-system\\vendor\\symfony\\console\\Application.php(193): Symfony\\Component\\Console\\Application->doRun(Object(Symfony\\Component\\Console\\Input\\ArgvInput), Object(Symfony\\Component\\Console\\Output\\ConsoleOutput))\n#46 C:\\xampp\\htdocs\\student-task-management-system\\vendor\\laravel\\framework\\src\\Illuminate\\Foundation\\Console\\Kernel.php(197): Symfony\\Component\\Console\\Application->run(Object(Symfony\\Component\\Console\\Input\\ArgvInput), Object(Symfony\\Component\\Console\\Output\\ConsoleOutput))\n#47 C:\\xampp\\htdocs\\student-task-management-system\\vendor\\laravel\\framework\\src\\Illuminate\\Foundation\\Application.php(1234): Illuminate\\Foundation\\Console\\Kernel->handle(Object(Symfony\\Component\\Console\\Input\\ArgvInput), Object(Symfony\\Component\\Console\\Output\\ConsoleOutput))\n#48 C:\\xampp\\htdocs\\student-task-management-system\\artisan(16): Illuminate\\Foundation\\Application->handleCommand(Object(Symfony\\Component\\Console\\Input\\ArgvInput))\n#49 {main}', '2025-04-15 16:43:07'),
(4, 'd79676cc-ba96-4735-b251-5e2fd1bde39b', 'database', 'default', '{\"uuid\":\"d79676cc-ba96-4735-b251-5e2fd1bde39b\",\"displayName\":\"App\\\\Notifications\\\\AnnouncementNotification\",\"job\":\"Illuminate\\\\Queue\\\\CallQueuedHandler@call\",\"maxTries\":null,\"maxExceptions\":null,\"failOnTimeout\":false,\"backoff\":null,\"timeout\":null,\"retryUntil\":null,\"data\":{\"commandName\":\"Illuminate\\\\Notifications\\\\SendQueuedNotifications\",\"command\":\"O:48:\\\"Illuminate\\\\Notifications\\\\SendQueuedNotifications\\\":3:{s:11:\\\"notifiables\\\";O:45:\\\"Illuminate\\\\Contracts\\\\Database\\\\ModelIdentifier\\\":5:{s:5:\\\"class\\\";s:15:\\\"App\\\\Models\\\\User\\\";s:2:\\\"id\\\";a:1:{i:0;i:7;}s:9:\\\"relations\\\";a:0:{}s:10:\\\"connection\\\";s:5:\\\"mysql\\\";s:15:\\\"collectionClass\\\";N;}s:12:\\\"notification\\\";O:42:\\\"App\\\\Notifications\\\\AnnouncementNotification\\\":2:{s:12:\\\"announcement\\\";O:45:\\\"Illuminate\\\\Contracts\\\\Database\\\\ModelIdentifier\\\":5:{s:5:\\\"class\\\";s:23:\\\"App\\\\Models\\\\Announcement\\\";s:2:\\\"id\\\";i:5;s:9:\\\"relations\\\";a:0:{}s:10:\\\"connection\\\";s:5:\\\"mysql\\\";s:15:\\\"collectionClass\\\";N;}s:2:\\\"id\\\";s:36:\\\"6596f525-7250-475c-928f-99b1e4fc4687\\\";}s:8:\\\"channels\\\";a:1:{i:0;s:4:\\\"mail\\\";}}\"}}', 'InvalidArgumentException: View [emails.announcement] not found. in C:\\xampp\\htdocs\\student-task-management-system\\vendor\\laravel\\framework\\src\\Illuminate\\View\\FileViewFinder.php:138\nStack trace:\n#0 C:\\xampp\\htdocs\\student-task-management-system\\vendor\\laravel\\framework\\src\\Illuminate\\View\\FileViewFinder.php(78): Illuminate\\View\\FileViewFinder->findInPaths(\'emails.announce...\', Array)\n#1 C:\\xampp\\htdocs\\student-task-management-system\\vendor\\laravel\\framework\\src\\Illuminate\\View\\Factory.php(150): Illuminate\\View\\FileViewFinder->find(\'emails.announce...\')\n#2 C:\\xampp\\htdocs\\student-task-management-system\\vendor\\laravel\\framework\\src\\Illuminate\\Mail\\Markdown.php(64): Illuminate\\View\\Factory->make(\'emails.announce...\', Array)\n#3 C:\\xampp\\htdocs\\student-task-management-system\\vendor\\laravel\\framework\\src\\Illuminate\\Notifications\\Channels\\MailChannel.php(114): Illuminate\\Mail\\Markdown->render(\'emails.announce...\', Array)\n#4 C:\\xampp\\htdocs\\student-task-management-system\\vendor\\laravel\\framework\\src\\Illuminate\\Collections\\helpers.php(236): Illuminate\\Notifications\\Channels\\MailChannel->Illuminate\\Notifications\\Channels\\{closure}(Array)\n#5 C:\\xampp\\htdocs\\student-task-management-system\\vendor\\laravel\\framework\\src\\Illuminate\\Mail\\Mailer.php(440): value(Object(Closure), Array)\n#6 C:\\xampp\\htdocs\\student-task-management-system\\vendor\\laravel\\framework\\src\\Illuminate\\Mail\\Mailer.php(419): Illuminate\\Mail\\Mailer->renderView(Object(Closure), Array)\n#7 C:\\xampp\\htdocs\\student-task-management-system\\vendor\\laravel\\framework\\src\\Illuminate\\Mail\\Mailer.php(312): Illuminate\\Mail\\Mailer->addContent(Object(Illuminate\\Mail\\Message), Object(Closure), Object(Closure), NULL, Array)\n#8 C:\\xampp\\htdocs\\student-task-management-system\\vendor\\laravel\\framework\\src\\Illuminate\\Notifications\\Channels\\MailChannel.php(66): Illuminate\\Mail\\Mailer->send(Object(Closure), Array, Object(Closure))\n#9 C:\\xampp\\htdocs\\student-task-management-system\\vendor\\laravel\\framework\\src\\Illuminate\\Notifications\\NotificationSender.php(147): Illuminate\\Notifications\\Channels\\MailChannel->send(Object(App\\Models\\User), Object(App\\Notifications\\AnnouncementNotification))\n#10 C:\\xampp\\htdocs\\student-task-management-system\\vendor\\laravel\\framework\\src\\Illuminate\\Notifications\\NotificationSender.php(105): Illuminate\\Notifications\\NotificationSender->sendToNotifiable(Object(App\\Models\\User), \'2f859e64-1a29-4...\', Object(App\\Notifications\\AnnouncementNotification), \'mail\')\n#11 C:\\xampp\\htdocs\\student-task-management-system\\vendor\\laravel\\framework\\src\\Illuminate\\Support\\Traits\\Localizable.php(19): Illuminate\\Notifications\\NotificationSender->Illuminate\\Notifications\\{closure}()\n#12 C:\\xampp\\htdocs\\student-task-management-system\\vendor\\laravel\\framework\\src\\Illuminate\\Notifications\\NotificationSender.php(100): Illuminate\\Notifications\\NotificationSender->withLocale(NULL, Object(Closure))\n#13 C:\\xampp\\htdocs\\student-task-management-system\\vendor\\laravel\\framework\\src\\Illuminate\\Notifications\\ChannelManager.php(54): Illuminate\\Notifications\\NotificationSender->sendNow(Object(Illuminate\\Database\\Eloquent\\Collection), Object(App\\Notifications\\AnnouncementNotification), Array)\n#14 C:\\xampp\\htdocs\\student-task-management-system\\vendor\\laravel\\framework\\src\\Illuminate\\Notifications\\SendQueuedNotifications.php(118): Illuminate\\Notifications\\ChannelManager->sendNow(Object(Illuminate\\Database\\Eloquent\\Collection), Object(App\\Notifications\\AnnouncementNotification), Array)\n#15 C:\\xampp\\htdocs\\student-task-management-system\\vendor\\laravel\\framework\\src\\Illuminate\\Container\\BoundMethod.php(36): Illuminate\\Notifications\\SendQueuedNotifications->handle(Object(Illuminate\\Notifications\\ChannelManager))\n#16 C:\\xampp\\htdocs\\student-task-management-system\\vendor\\laravel\\framework\\src\\Illuminate\\Container\\Util.php(43): Illuminate\\Container\\BoundMethod::Illuminate\\Container\\{closure}()\n#17 C:\\xampp\\htdocs\\student-task-management-system\\vendor\\laravel\\framework\\src\\Illuminate\\Container\\BoundMethod.php(96): Illuminate\\Container\\Util::unwrapIfClosure(Object(Closure))\n#18 C:\\xampp\\htdocs\\student-task-management-system\\vendor\\laravel\\framework\\src\\Illuminate\\Container\\BoundMethod.php(35): Illuminate\\Container\\BoundMethod::callBoundMethod(Object(Illuminate\\Foundation\\Application), Array, Object(Closure))\n#19 C:\\xampp\\htdocs\\student-task-management-system\\vendor\\laravel\\framework\\src\\Illuminate\\Container\\Container.php(754): Illuminate\\Container\\BoundMethod::call(Object(Illuminate\\Foundation\\Application), Array, Array, NULL)\n#20 C:\\xampp\\htdocs\\student-task-management-system\\vendor\\laravel\\framework\\src\\Illuminate\\Bus\\Dispatcher.php(125): Illuminate\\Container\\Container->call(Array)\n#21 C:\\xampp\\htdocs\\student-task-management-system\\vendor\\laravel\\framework\\src\\Illuminate\\Pipeline\\Pipeline.php(169): Illuminate\\Bus\\Dispatcher->Illuminate\\Bus\\{closure}(Object(Illuminate\\Notifications\\SendQueuedNotifications))\n#22 C:\\xampp\\htdocs\\student-task-management-system\\vendor\\laravel\\framework\\src\\Illuminate\\Pipeline\\Pipeline.php(126): Illuminate\\Pipeline\\Pipeline->Illuminate\\Pipeline\\{closure}(Object(Illuminate\\Notifications\\SendQueuedNotifications))\n#23 C:\\xampp\\htdocs\\student-task-management-system\\vendor\\laravel\\framework\\src\\Illuminate\\Bus\\Dispatcher.php(129): Illuminate\\Pipeline\\Pipeline->then(Object(Closure))\n#24 C:\\xampp\\htdocs\\student-task-management-system\\vendor\\laravel\\framework\\src\\Illuminate\\Queue\\CallQueuedHandler.php(125): Illuminate\\Bus\\Dispatcher->dispatchNow(Object(Illuminate\\Notifications\\SendQueuedNotifications), false)\n#25 C:\\xampp\\htdocs\\student-task-management-system\\vendor\\laravel\\framework\\src\\Illuminate\\Pipeline\\Pipeline.php(169): Illuminate\\Queue\\CallQueuedHandler->Illuminate\\Queue\\{closure}(Object(Illuminate\\Notifications\\SendQueuedNotifications))\n#26 C:\\xampp\\htdocs\\student-task-management-system\\vendor\\laravel\\framework\\src\\Illuminate\\Pipeline\\Pipeline.php(126): Illuminate\\Pipeline\\Pipeline->Illuminate\\Pipeline\\{closure}(Object(Illuminate\\Notifications\\SendQueuedNotifications))\n#27 C:\\xampp\\htdocs\\student-task-management-system\\vendor\\laravel\\framework\\src\\Illuminate\\Queue\\CallQueuedHandler.php(120): Illuminate\\Pipeline\\Pipeline->then(Object(Closure))\n#28 C:\\xampp\\htdocs\\student-task-management-system\\vendor\\laravel\\framework\\src\\Illuminate\\Queue\\CallQueuedHandler.php(68): Illuminate\\Queue\\CallQueuedHandler->dispatchThroughMiddleware(Object(Illuminate\\Queue\\Jobs\\DatabaseJob), Object(Illuminate\\Notifications\\SendQueuedNotifications))\n#29 C:\\xampp\\htdocs\\student-task-management-system\\vendor\\laravel\\framework\\src\\Illuminate\\Queue\\Jobs\\Job.php(102): Illuminate\\Queue\\CallQueuedHandler->call(Object(Illuminate\\Queue\\Jobs\\DatabaseJob), Array)\n#30 C:\\xampp\\htdocs\\student-task-management-system\\vendor\\laravel\\framework\\src\\Illuminate\\Queue\\Worker.php(441): Illuminate\\Queue\\Jobs\\Job->fire()\n#31 C:\\xampp\\htdocs\\student-task-management-system\\vendor\\laravel\\framework\\src\\Illuminate\\Queue\\Worker.php(391): Illuminate\\Queue\\Worker->process(\'database\', Object(Illuminate\\Queue\\Jobs\\DatabaseJob), Object(Illuminate\\Queue\\WorkerOptions))\n#32 C:\\xampp\\htdocs\\student-task-management-system\\vendor\\laravel\\framework\\src\\Illuminate\\Queue\\Worker.php(177): Illuminate\\Queue\\Worker->runJob(Object(Illuminate\\Queue\\Jobs\\DatabaseJob), \'database\', Object(Illuminate\\Queue\\WorkerOptions))\n#33 C:\\xampp\\htdocs\\student-task-management-system\\vendor\\laravel\\framework\\src\\Illuminate\\Queue\\Console\\WorkCommand.php(148): Illuminate\\Queue\\Worker->daemon(\'database\', \'default\', Object(Illuminate\\Queue\\WorkerOptions))\n#34 C:\\xampp\\htdocs\\student-task-management-system\\vendor\\laravel\\framework\\src\\Illuminate\\Queue\\Console\\WorkCommand.php(131): Illuminate\\Queue\\Console\\WorkCommand->runWorker(\'database\', \'default\')\n#35 C:\\xampp\\htdocs\\student-task-management-system\\vendor\\laravel\\framework\\src\\Illuminate\\Container\\BoundMethod.php(36): Illuminate\\Queue\\Console\\WorkCommand->handle()\n#36 C:\\xampp\\htdocs\\student-task-management-system\\vendor\\laravel\\framework\\src\\Illuminate\\Container\\Util.php(43): Illuminate\\Container\\BoundMethod::Illuminate\\Container\\{closure}()\n#37 C:\\xampp\\htdocs\\student-task-management-system\\vendor\\laravel\\framework\\src\\Illuminate\\Container\\BoundMethod.php(96): Illuminate\\Container\\Util::unwrapIfClosure(Object(Closure))\n#38 C:\\xampp\\htdocs\\student-task-management-system\\vendor\\laravel\\framework\\src\\Illuminate\\Container\\BoundMethod.php(35): Illuminate\\Container\\BoundMethod::callBoundMethod(Object(Illuminate\\Foundation\\Application), Array, Object(Closure))\n#39 C:\\xampp\\htdocs\\student-task-management-system\\vendor\\laravel\\framework\\src\\Illuminate\\Container\\Container.php(754): Illuminate\\Container\\BoundMethod::call(Object(Illuminate\\Foundation\\Application), Array, Array, NULL)\n#40 C:\\xampp\\htdocs\\student-task-management-system\\vendor\\laravel\\framework\\src\\Illuminate\\Console\\Command.php(211): Illuminate\\Container\\Container->call(Array)\n#41 C:\\xampp\\htdocs\\student-task-management-system\\vendor\\symfony\\console\\Command\\Command.php(279): Illuminate\\Console\\Command->execute(Object(Symfony\\Component\\Console\\Input\\ArgvInput), Object(Illuminate\\Console\\OutputStyle))\n#42 C:\\xampp\\htdocs\\student-task-management-system\\vendor\\laravel\\framework\\src\\Illuminate\\Console\\Command.php(180): Symfony\\Component\\Console\\Command\\Command->run(Object(Symfony\\Component\\Console\\Input\\ArgvInput), Object(Illuminate\\Console\\OutputStyle))\n#43 C:\\xampp\\htdocs\\student-task-management-system\\vendor\\symfony\\console\\Application.php(1094): Illuminate\\Console\\Command->run(Object(Symfony\\Component\\Console\\Input\\ArgvInput), Object(Symfony\\Component\\Console\\Output\\ConsoleOutput))\n#44 C:\\xampp\\htdocs\\student-task-management-system\\vendor\\symfony\\console\\Application.php(342): Symfony\\Component\\Console\\Application->doRunCommand(Object(Illuminate\\Queue\\Console\\WorkCommand), Object(Symfony\\Component\\Console\\Input\\ArgvInput), Object(Symfony\\Component\\Console\\Output\\ConsoleOutput))\n#45 C:\\xampp\\htdocs\\student-task-management-system\\vendor\\symfony\\console\\Application.php(193): Symfony\\Component\\Console\\Application->doRun(Object(Symfony\\Component\\Console\\Input\\ArgvInput), Object(Symfony\\Component\\Console\\Output\\ConsoleOutput))\n#46 C:\\xampp\\htdocs\\student-task-management-system\\vendor\\laravel\\framework\\src\\Illuminate\\Foundation\\Console\\Kernel.php(197): Symfony\\Component\\Console\\Application->run(Object(Symfony\\Component\\Console\\Input\\ArgvInput), Object(Symfony\\Component\\Console\\Output\\ConsoleOutput))\n#47 C:\\xampp\\htdocs\\student-task-management-system\\vendor\\laravel\\framework\\src\\Illuminate\\Foundation\\Application.php(1234): Illuminate\\Foundation\\Console\\Kernel->handle(Object(Symfony\\Component\\Console\\Input\\ArgvInput), Object(Symfony\\Component\\Console\\Output\\ConsoleOutput))\n#48 C:\\xampp\\htdocs\\student-task-management-system\\artisan(16): Illuminate\\Foundation\\Application->handleCommand(Object(Symfony\\Component\\Console\\Input\\ArgvInput))\n#49 {main}', '2025-04-15 16:43:52');
INSERT INTO `failed_jobs` (`id`, `uuid`, `connection`, `queue`, `payload`, `exception`, `failed_at`) VALUES
(5, '73544e8b-b4c5-4a41-9a35-440f5b87fcb4', 'database', 'default', '{\"uuid\":\"73544e8b-b4c5-4a41-9a35-440f5b87fcb4\",\"displayName\":\"App\\\\Notifications\\\\AnnouncementNotification\",\"job\":\"Illuminate\\\\Queue\\\\CallQueuedHandler@call\",\"maxTries\":null,\"maxExceptions\":null,\"failOnTimeout\":false,\"backoff\":null,\"timeout\":null,\"retryUntil\":null,\"data\":{\"commandName\":\"Illuminate\\\\Notifications\\\\SendQueuedNotifications\",\"command\":\"O:48:\\\"Illuminate\\\\Notifications\\\\SendQueuedNotifications\\\":3:{s:11:\\\"notifiables\\\";O:45:\\\"Illuminate\\\\Contracts\\\\Database\\\\ModelIdentifier\\\":5:{s:5:\\\"class\\\";s:15:\\\"App\\\\Models\\\\User\\\";s:2:\\\"id\\\";a:1:{i:0;i:8;}s:9:\\\"relations\\\";a:0:{}s:10:\\\"connection\\\";s:5:\\\"mysql\\\";s:15:\\\"collectionClass\\\";N;}s:12:\\\"notification\\\";O:42:\\\"App\\\\Notifications\\\\AnnouncementNotification\\\":2:{s:12:\\\"announcement\\\";O:45:\\\"Illuminate\\\\Contracts\\\\Database\\\\ModelIdentifier\\\":5:{s:5:\\\"class\\\";s:23:\\\"App\\\\Models\\\\Announcement\\\";s:2:\\\"id\\\";i:5;s:9:\\\"relations\\\";a:0:{}s:10:\\\"connection\\\";s:5:\\\"mysql\\\";s:15:\\\"collectionClass\\\";N;}s:2:\\\"id\\\";s:36:\\\"529815a7-0239-4f2e-9210-1ef70b2d89a8\\\";}s:8:\\\"channels\\\";a:1:{i:0;s:4:\\\"mail\\\";}}\"}}', 'InvalidArgumentException: View [emails.announcement] not found. in C:\\xampp\\htdocs\\student-task-management-system\\vendor\\laravel\\framework\\src\\Illuminate\\View\\FileViewFinder.php:138\nStack trace:\n#0 C:\\xampp\\htdocs\\student-task-management-system\\vendor\\laravel\\framework\\src\\Illuminate\\View\\FileViewFinder.php(78): Illuminate\\View\\FileViewFinder->findInPaths(\'emails.announce...\', Array)\n#1 C:\\xampp\\htdocs\\student-task-management-system\\vendor\\laravel\\framework\\src\\Illuminate\\View\\Factory.php(150): Illuminate\\View\\FileViewFinder->find(\'emails.announce...\')\n#2 C:\\xampp\\htdocs\\student-task-management-system\\vendor\\laravel\\framework\\src\\Illuminate\\Mail\\Markdown.php(64): Illuminate\\View\\Factory->make(\'emails.announce...\', Array)\n#3 C:\\xampp\\htdocs\\student-task-management-system\\vendor\\laravel\\framework\\src\\Illuminate\\Notifications\\Channels\\MailChannel.php(114): Illuminate\\Mail\\Markdown->render(\'emails.announce...\', Array)\n#4 C:\\xampp\\htdocs\\student-task-management-system\\vendor\\laravel\\framework\\src\\Illuminate\\Collections\\helpers.php(236): Illuminate\\Notifications\\Channels\\MailChannel->Illuminate\\Notifications\\Channels\\{closure}(Array)\n#5 C:\\xampp\\htdocs\\student-task-management-system\\vendor\\laravel\\framework\\src\\Illuminate\\Mail\\Mailer.php(440): value(Object(Closure), Array)\n#6 C:\\xampp\\htdocs\\student-task-management-system\\vendor\\laravel\\framework\\src\\Illuminate\\Mail\\Mailer.php(419): Illuminate\\Mail\\Mailer->renderView(Object(Closure), Array)\n#7 C:\\xampp\\htdocs\\student-task-management-system\\vendor\\laravel\\framework\\src\\Illuminate\\Mail\\Mailer.php(312): Illuminate\\Mail\\Mailer->addContent(Object(Illuminate\\Mail\\Message), Object(Closure), Object(Closure), NULL, Array)\n#8 C:\\xampp\\htdocs\\student-task-management-system\\vendor\\laravel\\framework\\src\\Illuminate\\Notifications\\Channels\\MailChannel.php(66): Illuminate\\Mail\\Mailer->send(Object(Closure), Array, Object(Closure))\n#9 C:\\xampp\\htdocs\\student-task-management-system\\vendor\\laravel\\framework\\src\\Illuminate\\Notifications\\NotificationSender.php(147): Illuminate\\Notifications\\Channels\\MailChannel->send(Object(App\\Models\\User), Object(App\\Notifications\\AnnouncementNotification))\n#10 C:\\xampp\\htdocs\\student-task-management-system\\vendor\\laravel\\framework\\src\\Illuminate\\Notifications\\NotificationSender.php(105): Illuminate\\Notifications\\NotificationSender->sendToNotifiable(Object(App\\Models\\User), \'b340257c-5ad7-4...\', Object(App\\Notifications\\AnnouncementNotification), \'mail\')\n#11 C:\\xampp\\htdocs\\student-task-management-system\\vendor\\laravel\\framework\\src\\Illuminate\\Support\\Traits\\Localizable.php(19): Illuminate\\Notifications\\NotificationSender->Illuminate\\Notifications\\{closure}()\n#12 C:\\xampp\\htdocs\\student-task-management-system\\vendor\\laravel\\framework\\src\\Illuminate\\Notifications\\NotificationSender.php(100): Illuminate\\Notifications\\NotificationSender->withLocale(NULL, Object(Closure))\n#13 C:\\xampp\\htdocs\\student-task-management-system\\vendor\\laravel\\framework\\src\\Illuminate\\Notifications\\ChannelManager.php(54): Illuminate\\Notifications\\NotificationSender->sendNow(Object(Illuminate\\Database\\Eloquent\\Collection), Object(App\\Notifications\\AnnouncementNotification), Array)\n#14 C:\\xampp\\htdocs\\student-task-management-system\\vendor\\laravel\\framework\\src\\Illuminate\\Notifications\\SendQueuedNotifications.php(118): Illuminate\\Notifications\\ChannelManager->sendNow(Object(Illuminate\\Database\\Eloquent\\Collection), Object(App\\Notifications\\AnnouncementNotification), Array)\n#15 C:\\xampp\\htdocs\\student-task-management-system\\vendor\\laravel\\framework\\src\\Illuminate\\Container\\BoundMethod.php(36): Illuminate\\Notifications\\SendQueuedNotifications->handle(Object(Illuminate\\Notifications\\ChannelManager))\n#16 C:\\xampp\\htdocs\\student-task-management-system\\vendor\\laravel\\framework\\src\\Illuminate\\Container\\Util.php(43): Illuminate\\Container\\BoundMethod::Illuminate\\Container\\{closure}()\n#17 C:\\xampp\\htdocs\\student-task-management-system\\vendor\\laravel\\framework\\src\\Illuminate\\Container\\BoundMethod.php(96): Illuminate\\Container\\Util::unwrapIfClosure(Object(Closure))\n#18 C:\\xampp\\htdocs\\student-task-management-system\\vendor\\laravel\\framework\\src\\Illuminate\\Container\\BoundMethod.php(35): Illuminate\\Container\\BoundMethod::callBoundMethod(Object(Illuminate\\Foundation\\Application), Array, Object(Closure))\n#19 C:\\xampp\\htdocs\\student-task-management-system\\vendor\\laravel\\framework\\src\\Illuminate\\Container\\Container.php(754): Illuminate\\Container\\BoundMethod::call(Object(Illuminate\\Foundation\\Application), Array, Array, NULL)\n#20 C:\\xampp\\htdocs\\student-task-management-system\\vendor\\laravel\\framework\\src\\Illuminate\\Bus\\Dispatcher.php(125): Illuminate\\Container\\Container->call(Array)\n#21 C:\\xampp\\htdocs\\student-task-management-system\\vendor\\laravel\\framework\\src\\Illuminate\\Pipeline\\Pipeline.php(169): Illuminate\\Bus\\Dispatcher->Illuminate\\Bus\\{closure}(Object(Illuminate\\Notifications\\SendQueuedNotifications))\n#22 C:\\xampp\\htdocs\\student-task-management-system\\vendor\\laravel\\framework\\src\\Illuminate\\Pipeline\\Pipeline.php(126): Illuminate\\Pipeline\\Pipeline->Illuminate\\Pipeline\\{closure}(Object(Illuminate\\Notifications\\SendQueuedNotifications))\n#23 C:\\xampp\\htdocs\\student-task-management-system\\vendor\\laravel\\framework\\src\\Illuminate\\Bus\\Dispatcher.php(129): Illuminate\\Pipeline\\Pipeline->then(Object(Closure))\n#24 C:\\xampp\\htdocs\\student-task-management-system\\vendor\\laravel\\framework\\src\\Illuminate\\Queue\\CallQueuedHandler.php(125): Illuminate\\Bus\\Dispatcher->dispatchNow(Object(Illuminate\\Notifications\\SendQueuedNotifications), false)\n#25 C:\\xampp\\htdocs\\student-task-management-system\\vendor\\laravel\\framework\\src\\Illuminate\\Pipeline\\Pipeline.php(169): Illuminate\\Queue\\CallQueuedHandler->Illuminate\\Queue\\{closure}(Object(Illuminate\\Notifications\\SendQueuedNotifications))\n#26 C:\\xampp\\htdocs\\student-task-management-system\\vendor\\laravel\\framework\\src\\Illuminate\\Pipeline\\Pipeline.php(126): Illuminate\\Pipeline\\Pipeline->Illuminate\\Pipeline\\{closure}(Object(Illuminate\\Notifications\\SendQueuedNotifications))\n#27 C:\\xampp\\htdocs\\student-task-management-system\\vendor\\laravel\\framework\\src\\Illuminate\\Queue\\CallQueuedHandler.php(120): Illuminate\\Pipeline\\Pipeline->then(Object(Closure))\n#28 C:\\xampp\\htdocs\\student-task-management-system\\vendor\\laravel\\framework\\src\\Illuminate\\Queue\\CallQueuedHandler.php(68): Illuminate\\Queue\\CallQueuedHandler->dispatchThroughMiddleware(Object(Illuminate\\Queue\\Jobs\\DatabaseJob), Object(Illuminate\\Notifications\\SendQueuedNotifications))\n#29 C:\\xampp\\htdocs\\student-task-management-system\\vendor\\laravel\\framework\\src\\Illuminate\\Queue\\Jobs\\Job.php(102): Illuminate\\Queue\\CallQueuedHandler->call(Object(Illuminate\\Queue\\Jobs\\DatabaseJob), Array)\n#30 C:\\xampp\\htdocs\\student-task-management-system\\vendor\\laravel\\framework\\src\\Illuminate\\Queue\\Worker.php(441): Illuminate\\Queue\\Jobs\\Job->fire()\n#31 C:\\xampp\\htdocs\\student-task-management-system\\vendor\\laravel\\framework\\src\\Illuminate\\Queue\\Worker.php(391): Illuminate\\Queue\\Worker->process(\'database\', Object(Illuminate\\Queue\\Jobs\\DatabaseJob), Object(Illuminate\\Queue\\WorkerOptions))\n#32 C:\\xampp\\htdocs\\student-task-management-system\\vendor\\laravel\\framework\\src\\Illuminate\\Queue\\Worker.php(177): Illuminate\\Queue\\Worker->runJob(Object(Illuminate\\Queue\\Jobs\\DatabaseJob), \'database\', Object(Illuminate\\Queue\\WorkerOptions))\n#33 C:\\xampp\\htdocs\\student-task-management-system\\vendor\\laravel\\framework\\src\\Illuminate\\Queue\\Console\\WorkCommand.php(148): Illuminate\\Queue\\Worker->daemon(\'database\', \'default\', Object(Illuminate\\Queue\\WorkerOptions))\n#34 C:\\xampp\\htdocs\\student-task-management-system\\vendor\\laravel\\framework\\src\\Illuminate\\Queue\\Console\\WorkCommand.php(131): Illuminate\\Queue\\Console\\WorkCommand->runWorker(\'database\', \'default\')\n#35 C:\\xampp\\htdocs\\student-task-management-system\\vendor\\laravel\\framework\\src\\Illuminate\\Container\\BoundMethod.php(36): Illuminate\\Queue\\Console\\WorkCommand->handle()\n#36 C:\\xampp\\htdocs\\student-task-management-system\\vendor\\laravel\\framework\\src\\Illuminate\\Container\\Util.php(43): Illuminate\\Container\\BoundMethod::Illuminate\\Container\\{closure}()\n#37 C:\\xampp\\htdocs\\student-task-management-system\\vendor\\laravel\\framework\\src\\Illuminate\\Container\\BoundMethod.php(96): Illuminate\\Container\\Util::unwrapIfClosure(Object(Closure))\n#38 C:\\xampp\\htdocs\\student-task-management-system\\vendor\\laravel\\framework\\src\\Illuminate\\Container\\BoundMethod.php(35): Illuminate\\Container\\BoundMethod::callBoundMethod(Object(Illuminate\\Foundation\\Application), Array, Object(Closure))\n#39 C:\\xampp\\htdocs\\student-task-management-system\\vendor\\laravel\\framework\\src\\Illuminate\\Container\\Container.php(754): Illuminate\\Container\\BoundMethod::call(Object(Illuminate\\Foundation\\Application), Array, Array, NULL)\n#40 C:\\xampp\\htdocs\\student-task-management-system\\vendor\\laravel\\framework\\src\\Illuminate\\Console\\Command.php(211): Illuminate\\Container\\Container->call(Array)\n#41 C:\\xampp\\htdocs\\student-task-management-system\\vendor\\symfony\\console\\Command\\Command.php(279): Illuminate\\Console\\Command->execute(Object(Symfony\\Component\\Console\\Input\\ArgvInput), Object(Illuminate\\Console\\OutputStyle))\n#42 C:\\xampp\\htdocs\\student-task-management-system\\vendor\\laravel\\framework\\src\\Illuminate\\Console\\Command.php(180): Symfony\\Component\\Console\\Command\\Command->run(Object(Symfony\\Component\\Console\\Input\\ArgvInput), Object(Illuminate\\Console\\OutputStyle))\n#43 C:\\xampp\\htdocs\\student-task-management-system\\vendor\\symfony\\console\\Application.php(1094): Illuminate\\Console\\Command->run(Object(Symfony\\Component\\Console\\Input\\ArgvInput), Object(Symfony\\Component\\Console\\Output\\ConsoleOutput))\n#44 C:\\xampp\\htdocs\\student-task-management-system\\vendor\\symfony\\console\\Application.php(342): Symfony\\Component\\Console\\Application->doRunCommand(Object(Illuminate\\Queue\\Console\\WorkCommand), Object(Symfony\\Component\\Console\\Input\\ArgvInput), Object(Symfony\\Component\\Console\\Output\\ConsoleOutput))\n#45 C:\\xampp\\htdocs\\student-task-management-system\\vendor\\symfony\\console\\Application.php(193): Symfony\\Component\\Console\\Application->doRun(Object(Symfony\\Component\\Console\\Input\\ArgvInput), Object(Symfony\\Component\\Console\\Output\\ConsoleOutput))\n#46 C:\\xampp\\htdocs\\student-task-management-system\\vendor\\laravel\\framework\\src\\Illuminate\\Foundation\\Console\\Kernel.php(197): Symfony\\Component\\Console\\Application->run(Object(Symfony\\Component\\Console\\Input\\ArgvInput), Object(Symfony\\Component\\Console\\Output\\ConsoleOutput))\n#47 C:\\xampp\\htdocs\\student-task-management-system\\vendor\\laravel\\framework\\src\\Illuminate\\Foundation\\Application.php(1234): Illuminate\\Foundation\\Console\\Kernel->handle(Object(Symfony\\Component\\Console\\Input\\ArgvInput), Object(Symfony\\Component\\Console\\Output\\ConsoleOutput))\n#48 C:\\xampp\\htdocs\\student-task-management-system\\artisan(16): Illuminate\\Foundation\\Application->handleCommand(Object(Symfony\\Component\\Console\\Input\\ArgvInput))\n#49 {main}', '2025-04-15 16:43:52'),
(6, 'd43369b2-de8c-45ee-bf58-f86546cb42d6', 'database', 'default', '{\"uuid\":\"d43369b2-de8c-45ee-bf58-f86546cb42d6\",\"displayName\":\"App\\\\Notifications\\\\AnnouncementNotification\",\"job\":\"Illuminate\\\\Queue\\\\CallQueuedHandler@call\",\"maxTries\":null,\"maxExceptions\":null,\"failOnTimeout\":false,\"backoff\":null,\"timeout\":null,\"retryUntil\":null,\"data\":{\"commandName\":\"Illuminate\\\\Notifications\\\\SendQueuedNotifications\",\"command\":\"O:48:\\\"Illuminate\\\\Notifications\\\\SendQueuedNotifications\\\":3:{s:11:\\\"notifiables\\\";O:45:\\\"Illuminate\\\\Contracts\\\\Database\\\\ModelIdentifier\\\":5:{s:5:\\\"class\\\";s:15:\\\"App\\\\Models\\\\User\\\";s:2:\\\"id\\\";a:1:{i:0;i:7;}s:9:\\\"relations\\\";a:0:{}s:10:\\\"connection\\\";s:5:\\\"mysql\\\";s:15:\\\"collectionClass\\\";N;}s:12:\\\"notification\\\";O:42:\\\"App\\\\Notifications\\\\AnnouncementNotification\\\":2:{s:12:\\\"announcement\\\";O:45:\\\"Illuminate\\\\Contracts\\\\Database\\\\ModelIdentifier\\\":5:{s:5:\\\"class\\\";s:23:\\\"App\\\\Models\\\\Announcement\\\";s:2:\\\"id\\\";i:5;s:9:\\\"relations\\\";a:0:{}s:10:\\\"connection\\\";s:5:\\\"mysql\\\";s:15:\\\"collectionClass\\\";N;}s:2:\\\"id\\\";s:36:\\\"357c1ad4-9864-4dec-9401-26de3d9ef28c\\\";}s:8:\\\"channels\\\";a:1:{i:0;s:4:\\\"mail\\\";}}\"}}', 'InvalidArgumentException: View [emails.announcement] not found. in C:\\xampp\\htdocs\\student-task-management-system\\vendor\\laravel\\framework\\src\\Illuminate\\View\\FileViewFinder.php:138\nStack trace:\n#0 C:\\xampp\\htdocs\\student-task-management-system\\vendor\\laravel\\framework\\src\\Illuminate\\View\\FileViewFinder.php(78): Illuminate\\View\\FileViewFinder->findInPaths(\'emails.announce...\', Array)\n#1 C:\\xampp\\htdocs\\student-task-management-system\\vendor\\laravel\\framework\\src\\Illuminate\\View\\Factory.php(150): Illuminate\\View\\FileViewFinder->find(\'emails.announce...\')\n#2 C:\\xampp\\htdocs\\student-task-management-system\\vendor\\laravel\\framework\\src\\Illuminate\\Mail\\Markdown.php(64): Illuminate\\View\\Factory->make(\'emails.announce...\', Array)\n#3 C:\\xampp\\htdocs\\student-task-management-system\\vendor\\laravel\\framework\\src\\Illuminate\\Notifications\\Channels\\MailChannel.php(114): Illuminate\\Mail\\Markdown->render(\'emails.announce...\', Array)\n#4 C:\\xampp\\htdocs\\student-task-management-system\\vendor\\laravel\\framework\\src\\Illuminate\\Collections\\helpers.php(236): Illuminate\\Notifications\\Channels\\MailChannel->Illuminate\\Notifications\\Channels\\{closure}(Array)\n#5 C:\\xampp\\htdocs\\student-task-management-system\\vendor\\laravel\\framework\\src\\Illuminate\\Mail\\Mailer.php(440): value(Object(Closure), Array)\n#6 C:\\xampp\\htdocs\\student-task-management-system\\vendor\\laravel\\framework\\src\\Illuminate\\Mail\\Mailer.php(419): Illuminate\\Mail\\Mailer->renderView(Object(Closure), Array)\n#7 C:\\xampp\\htdocs\\student-task-management-system\\vendor\\laravel\\framework\\src\\Illuminate\\Mail\\Mailer.php(312): Illuminate\\Mail\\Mailer->addContent(Object(Illuminate\\Mail\\Message), Object(Closure), Object(Closure), NULL, Array)\n#8 C:\\xampp\\htdocs\\student-task-management-system\\vendor\\laravel\\framework\\src\\Illuminate\\Notifications\\Channels\\MailChannel.php(66): Illuminate\\Mail\\Mailer->send(Object(Closure), Array, Object(Closure))\n#9 C:\\xampp\\htdocs\\student-task-management-system\\vendor\\laravel\\framework\\src\\Illuminate\\Notifications\\NotificationSender.php(147): Illuminate\\Notifications\\Channels\\MailChannel->send(Object(App\\Models\\User), Object(App\\Notifications\\AnnouncementNotification))\n#10 C:\\xampp\\htdocs\\student-task-management-system\\vendor\\laravel\\framework\\src\\Illuminate\\Notifications\\NotificationSender.php(105): Illuminate\\Notifications\\NotificationSender->sendToNotifiable(Object(App\\Models\\User), \'eb063886-8da1-4...\', Object(App\\Notifications\\AnnouncementNotification), \'mail\')\n#11 C:\\xampp\\htdocs\\student-task-management-system\\vendor\\laravel\\framework\\src\\Illuminate\\Support\\Traits\\Localizable.php(19): Illuminate\\Notifications\\NotificationSender->Illuminate\\Notifications\\{closure}()\n#12 C:\\xampp\\htdocs\\student-task-management-system\\vendor\\laravel\\framework\\src\\Illuminate\\Notifications\\NotificationSender.php(100): Illuminate\\Notifications\\NotificationSender->withLocale(NULL, Object(Closure))\n#13 C:\\xampp\\htdocs\\student-task-management-system\\vendor\\laravel\\framework\\src\\Illuminate\\Notifications\\ChannelManager.php(54): Illuminate\\Notifications\\NotificationSender->sendNow(Object(Illuminate\\Database\\Eloquent\\Collection), Object(App\\Notifications\\AnnouncementNotification), Array)\n#14 C:\\xampp\\htdocs\\student-task-management-system\\vendor\\laravel\\framework\\src\\Illuminate\\Notifications\\SendQueuedNotifications.php(118): Illuminate\\Notifications\\ChannelManager->sendNow(Object(Illuminate\\Database\\Eloquent\\Collection), Object(App\\Notifications\\AnnouncementNotification), Array)\n#15 C:\\xampp\\htdocs\\student-task-management-system\\vendor\\laravel\\framework\\src\\Illuminate\\Container\\BoundMethod.php(36): Illuminate\\Notifications\\SendQueuedNotifications->handle(Object(Illuminate\\Notifications\\ChannelManager))\n#16 C:\\xampp\\htdocs\\student-task-management-system\\vendor\\laravel\\framework\\src\\Illuminate\\Container\\Util.php(43): Illuminate\\Container\\BoundMethod::Illuminate\\Container\\{closure}()\n#17 C:\\xampp\\htdocs\\student-task-management-system\\vendor\\laravel\\framework\\src\\Illuminate\\Container\\BoundMethod.php(96): Illuminate\\Container\\Util::unwrapIfClosure(Object(Closure))\n#18 C:\\xampp\\htdocs\\student-task-management-system\\vendor\\laravel\\framework\\src\\Illuminate\\Container\\BoundMethod.php(35): Illuminate\\Container\\BoundMethod::callBoundMethod(Object(Illuminate\\Foundation\\Application), Array, Object(Closure))\n#19 C:\\xampp\\htdocs\\student-task-management-system\\vendor\\laravel\\framework\\src\\Illuminate\\Container\\Container.php(754): Illuminate\\Container\\BoundMethod::call(Object(Illuminate\\Foundation\\Application), Array, Array, NULL)\n#20 C:\\xampp\\htdocs\\student-task-management-system\\vendor\\laravel\\framework\\src\\Illuminate\\Bus\\Dispatcher.php(125): Illuminate\\Container\\Container->call(Array)\n#21 C:\\xampp\\htdocs\\student-task-management-system\\vendor\\laravel\\framework\\src\\Illuminate\\Pipeline\\Pipeline.php(169): Illuminate\\Bus\\Dispatcher->Illuminate\\Bus\\{closure}(Object(Illuminate\\Notifications\\SendQueuedNotifications))\n#22 C:\\xampp\\htdocs\\student-task-management-system\\vendor\\laravel\\framework\\src\\Illuminate\\Pipeline\\Pipeline.php(126): Illuminate\\Pipeline\\Pipeline->Illuminate\\Pipeline\\{closure}(Object(Illuminate\\Notifications\\SendQueuedNotifications))\n#23 C:\\xampp\\htdocs\\student-task-management-system\\vendor\\laravel\\framework\\src\\Illuminate\\Bus\\Dispatcher.php(129): Illuminate\\Pipeline\\Pipeline->then(Object(Closure))\n#24 C:\\xampp\\htdocs\\student-task-management-system\\vendor\\laravel\\framework\\src\\Illuminate\\Queue\\CallQueuedHandler.php(125): Illuminate\\Bus\\Dispatcher->dispatchNow(Object(Illuminate\\Notifications\\SendQueuedNotifications), false)\n#25 C:\\xampp\\htdocs\\student-task-management-system\\vendor\\laravel\\framework\\src\\Illuminate\\Pipeline\\Pipeline.php(169): Illuminate\\Queue\\CallQueuedHandler->Illuminate\\Queue\\{closure}(Object(Illuminate\\Notifications\\SendQueuedNotifications))\n#26 C:\\xampp\\htdocs\\student-task-management-system\\vendor\\laravel\\framework\\src\\Illuminate\\Pipeline\\Pipeline.php(126): Illuminate\\Pipeline\\Pipeline->Illuminate\\Pipeline\\{closure}(Object(Illuminate\\Notifications\\SendQueuedNotifications))\n#27 C:\\xampp\\htdocs\\student-task-management-system\\vendor\\laravel\\framework\\src\\Illuminate\\Queue\\CallQueuedHandler.php(120): Illuminate\\Pipeline\\Pipeline->then(Object(Closure))\n#28 C:\\xampp\\htdocs\\student-task-management-system\\vendor\\laravel\\framework\\src\\Illuminate\\Queue\\CallQueuedHandler.php(68): Illuminate\\Queue\\CallQueuedHandler->dispatchThroughMiddleware(Object(Illuminate\\Queue\\Jobs\\DatabaseJob), Object(Illuminate\\Notifications\\SendQueuedNotifications))\n#29 C:\\xampp\\htdocs\\student-task-management-system\\vendor\\laravel\\framework\\src\\Illuminate\\Queue\\Jobs\\Job.php(102): Illuminate\\Queue\\CallQueuedHandler->call(Object(Illuminate\\Queue\\Jobs\\DatabaseJob), Array)\n#30 C:\\xampp\\htdocs\\student-task-management-system\\vendor\\laravel\\framework\\src\\Illuminate\\Queue\\Worker.php(441): Illuminate\\Queue\\Jobs\\Job->fire()\n#31 C:\\xampp\\htdocs\\student-task-management-system\\vendor\\laravel\\framework\\src\\Illuminate\\Queue\\Worker.php(391): Illuminate\\Queue\\Worker->process(\'database\', Object(Illuminate\\Queue\\Jobs\\DatabaseJob), Object(Illuminate\\Queue\\WorkerOptions))\n#32 C:\\xampp\\htdocs\\student-task-management-system\\vendor\\laravel\\framework\\src\\Illuminate\\Queue\\Worker.php(177): Illuminate\\Queue\\Worker->runJob(Object(Illuminate\\Queue\\Jobs\\DatabaseJob), \'database\', Object(Illuminate\\Queue\\WorkerOptions))\n#33 C:\\xampp\\htdocs\\student-task-management-system\\vendor\\laravel\\framework\\src\\Illuminate\\Queue\\Console\\WorkCommand.php(148): Illuminate\\Queue\\Worker->daemon(\'database\', \'default\', Object(Illuminate\\Queue\\WorkerOptions))\n#34 C:\\xampp\\htdocs\\student-task-management-system\\vendor\\laravel\\framework\\src\\Illuminate\\Queue\\Console\\WorkCommand.php(131): Illuminate\\Queue\\Console\\WorkCommand->runWorker(\'database\', \'default\')\n#35 C:\\xampp\\htdocs\\student-task-management-system\\vendor\\laravel\\framework\\src\\Illuminate\\Container\\BoundMethod.php(36): Illuminate\\Queue\\Console\\WorkCommand->handle()\n#36 C:\\xampp\\htdocs\\student-task-management-system\\vendor\\laravel\\framework\\src\\Illuminate\\Container\\Util.php(43): Illuminate\\Container\\BoundMethod::Illuminate\\Container\\{closure}()\n#37 C:\\xampp\\htdocs\\student-task-management-system\\vendor\\laravel\\framework\\src\\Illuminate\\Container\\BoundMethod.php(96): Illuminate\\Container\\Util::unwrapIfClosure(Object(Closure))\n#38 C:\\xampp\\htdocs\\student-task-management-system\\vendor\\laravel\\framework\\src\\Illuminate\\Container\\BoundMethod.php(35): Illuminate\\Container\\BoundMethod::callBoundMethod(Object(Illuminate\\Foundation\\Application), Array, Object(Closure))\n#39 C:\\xampp\\htdocs\\student-task-management-system\\vendor\\laravel\\framework\\src\\Illuminate\\Container\\Container.php(754): Illuminate\\Container\\BoundMethod::call(Object(Illuminate\\Foundation\\Application), Array, Array, NULL)\n#40 C:\\xampp\\htdocs\\student-task-management-system\\vendor\\laravel\\framework\\src\\Illuminate\\Console\\Command.php(211): Illuminate\\Container\\Container->call(Array)\n#41 C:\\xampp\\htdocs\\student-task-management-system\\vendor\\symfony\\console\\Command\\Command.php(279): Illuminate\\Console\\Command->execute(Object(Symfony\\Component\\Console\\Input\\ArgvInput), Object(Illuminate\\Console\\OutputStyle))\n#42 C:\\xampp\\htdocs\\student-task-management-system\\vendor\\laravel\\framework\\src\\Illuminate\\Console\\Command.php(180): Symfony\\Component\\Console\\Command\\Command->run(Object(Symfony\\Component\\Console\\Input\\ArgvInput), Object(Illuminate\\Console\\OutputStyle))\n#43 C:\\xampp\\htdocs\\student-task-management-system\\vendor\\symfony\\console\\Application.php(1094): Illuminate\\Console\\Command->run(Object(Symfony\\Component\\Console\\Input\\ArgvInput), Object(Symfony\\Component\\Console\\Output\\ConsoleOutput))\n#44 C:\\xampp\\htdocs\\student-task-management-system\\vendor\\symfony\\console\\Application.php(342): Symfony\\Component\\Console\\Application->doRunCommand(Object(Illuminate\\Queue\\Console\\WorkCommand), Object(Symfony\\Component\\Console\\Input\\ArgvInput), Object(Symfony\\Component\\Console\\Output\\ConsoleOutput))\n#45 C:\\xampp\\htdocs\\student-task-management-system\\vendor\\symfony\\console\\Application.php(193): Symfony\\Component\\Console\\Application->doRun(Object(Symfony\\Component\\Console\\Input\\ArgvInput), Object(Symfony\\Component\\Console\\Output\\ConsoleOutput))\n#46 C:\\xampp\\htdocs\\student-task-management-system\\vendor\\laravel\\framework\\src\\Illuminate\\Foundation\\Console\\Kernel.php(197): Symfony\\Component\\Console\\Application->run(Object(Symfony\\Component\\Console\\Input\\ArgvInput), Object(Symfony\\Component\\Console\\Output\\ConsoleOutput))\n#47 C:\\xampp\\htdocs\\student-task-management-system\\vendor\\laravel\\framework\\src\\Illuminate\\Foundation\\Application.php(1234): Illuminate\\Foundation\\Console\\Kernel->handle(Object(Symfony\\Component\\Console\\Input\\ArgvInput), Object(Symfony\\Component\\Console\\Output\\ConsoleOutput))\n#48 C:\\xampp\\htdocs\\student-task-management-system\\artisan(16): Illuminate\\Foundation\\Application->handleCommand(Object(Symfony\\Component\\Console\\Input\\ArgvInput))\n#49 {main}', '2025-04-15 16:45:59'),
(7, 'dd5d5fc0-e911-4e76-9ea7-3c299650de8e', 'database', 'default', '{\"uuid\":\"dd5d5fc0-e911-4e76-9ea7-3c299650de8e\",\"displayName\":\"App\\\\Notifications\\\\AnnouncementNotification\",\"job\":\"Illuminate\\\\Queue\\\\CallQueuedHandler@call\",\"maxTries\":null,\"maxExceptions\":null,\"failOnTimeout\":false,\"backoff\":null,\"timeout\":null,\"retryUntil\":null,\"data\":{\"commandName\":\"Illuminate\\\\Notifications\\\\SendQueuedNotifications\",\"command\":\"O:48:\\\"Illuminate\\\\Notifications\\\\SendQueuedNotifications\\\":3:{s:11:\\\"notifiables\\\";O:45:\\\"Illuminate\\\\Contracts\\\\Database\\\\ModelIdentifier\\\":5:{s:5:\\\"class\\\";s:15:\\\"App\\\\Models\\\\User\\\";s:2:\\\"id\\\";a:1:{i:0;i:8;}s:9:\\\"relations\\\";a:0:{}s:10:\\\"connection\\\";s:5:\\\"mysql\\\";s:15:\\\"collectionClass\\\";N;}s:12:\\\"notification\\\";O:42:\\\"App\\\\Notifications\\\\AnnouncementNotification\\\":2:{s:12:\\\"announcement\\\";O:45:\\\"Illuminate\\\\Contracts\\\\Database\\\\ModelIdentifier\\\":5:{s:5:\\\"class\\\";s:23:\\\"App\\\\Models\\\\Announcement\\\";s:2:\\\"id\\\";i:5;s:9:\\\"relations\\\";a:0:{}s:10:\\\"connection\\\";s:5:\\\"mysql\\\";s:15:\\\"collectionClass\\\";N;}s:2:\\\"id\\\";s:36:\\\"95fd5c76-7b8c-46a2-b10d-0957598ef1aa\\\";}s:8:\\\"channels\\\";a:1:{i:0;s:4:\\\"mail\\\";}}\"}}', 'InvalidArgumentException: View [emails.announcement] not found. in C:\\xampp\\htdocs\\student-task-management-system\\vendor\\laravel\\framework\\src\\Illuminate\\View\\FileViewFinder.php:138\nStack trace:\n#0 C:\\xampp\\htdocs\\student-task-management-system\\vendor\\laravel\\framework\\src\\Illuminate\\View\\FileViewFinder.php(78): Illuminate\\View\\FileViewFinder->findInPaths(\'emails.announce...\', Array)\n#1 C:\\xampp\\htdocs\\student-task-management-system\\vendor\\laravel\\framework\\src\\Illuminate\\View\\Factory.php(150): Illuminate\\View\\FileViewFinder->find(\'emails.announce...\')\n#2 C:\\xampp\\htdocs\\student-task-management-system\\vendor\\laravel\\framework\\src\\Illuminate\\Mail\\Markdown.php(64): Illuminate\\View\\Factory->make(\'emails.announce...\', Array)\n#3 C:\\xampp\\htdocs\\student-task-management-system\\vendor\\laravel\\framework\\src\\Illuminate\\Notifications\\Channels\\MailChannel.php(114): Illuminate\\Mail\\Markdown->render(\'emails.announce...\', Array)\n#4 C:\\xampp\\htdocs\\student-task-management-system\\vendor\\laravel\\framework\\src\\Illuminate\\Collections\\helpers.php(236): Illuminate\\Notifications\\Channels\\MailChannel->Illuminate\\Notifications\\Channels\\{closure}(Array)\n#5 C:\\xampp\\htdocs\\student-task-management-system\\vendor\\laravel\\framework\\src\\Illuminate\\Mail\\Mailer.php(440): value(Object(Closure), Array)\n#6 C:\\xampp\\htdocs\\student-task-management-system\\vendor\\laravel\\framework\\src\\Illuminate\\Mail\\Mailer.php(419): Illuminate\\Mail\\Mailer->renderView(Object(Closure), Array)\n#7 C:\\xampp\\htdocs\\student-task-management-system\\vendor\\laravel\\framework\\src\\Illuminate\\Mail\\Mailer.php(312): Illuminate\\Mail\\Mailer->addContent(Object(Illuminate\\Mail\\Message), Object(Closure), Object(Closure), NULL, Array)\n#8 C:\\xampp\\htdocs\\student-task-management-system\\vendor\\laravel\\framework\\src\\Illuminate\\Notifications\\Channels\\MailChannel.php(66): Illuminate\\Mail\\Mailer->send(Object(Closure), Array, Object(Closure))\n#9 C:\\xampp\\htdocs\\student-task-management-system\\vendor\\laravel\\framework\\src\\Illuminate\\Notifications\\NotificationSender.php(147): Illuminate\\Notifications\\Channels\\MailChannel->send(Object(App\\Models\\User), Object(App\\Notifications\\AnnouncementNotification))\n#10 C:\\xampp\\htdocs\\student-task-management-system\\vendor\\laravel\\framework\\src\\Illuminate\\Notifications\\NotificationSender.php(105): Illuminate\\Notifications\\NotificationSender->sendToNotifiable(Object(App\\Models\\User), \'f7723beb-0487-4...\', Object(App\\Notifications\\AnnouncementNotification), \'mail\')\n#11 C:\\xampp\\htdocs\\student-task-management-system\\vendor\\laravel\\framework\\src\\Illuminate\\Support\\Traits\\Localizable.php(19): Illuminate\\Notifications\\NotificationSender->Illuminate\\Notifications\\{closure}()\n#12 C:\\xampp\\htdocs\\student-task-management-system\\vendor\\laravel\\framework\\src\\Illuminate\\Notifications\\NotificationSender.php(100): Illuminate\\Notifications\\NotificationSender->withLocale(NULL, Object(Closure))\n#13 C:\\xampp\\htdocs\\student-task-management-system\\vendor\\laravel\\framework\\src\\Illuminate\\Notifications\\ChannelManager.php(54): Illuminate\\Notifications\\NotificationSender->sendNow(Object(Illuminate\\Database\\Eloquent\\Collection), Object(App\\Notifications\\AnnouncementNotification), Array)\n#14 C:\\xampp\\htdocs\\student-task-management-system\\vendor\\laravel\\framework\\src\\Illuminate\\Notifications\\SendQueuedNotifications.php(118): Illuminate\\Notifications\\ChannelManager->sendNow(Object(Illuminate\\Database\\Eloquent\\Collection), Object(App\\Notifications\\AnnouncementNotification), Array)\n#15 C:\\xampp\\htdocs\\student-task-management-system\\vendor\\laravel\\framework\\src\\Illuminate\\Container\\BoundMethod.php(36): Illuminate\\Notifications\\SendQueuedNotifications->handle(Object(Illuminate\\Notifications\\ChannelManager))\n#16 C:\\xampp\\htdocs\\student-task-management-system\\vendor\\laravel\\framework\\src\\Illuminate\\Container\\Util.php(43): Illuminate\\Container\\BoundMethod::Illuminate\\Container\\{closure}()\n#17 C:\\xampp\\htdocs\\student-task-management-system\\vendor\\laravel\\framework\\src\\Illuminate\\Container\\BoundMethod.php(96): Illuminate\\Container\\Util::unwrapIfClosure(Object(Closure))\n#18 C:\\xampp\\htdocs\\student-task-management-system\\vendor\\laravel\\framework\\src\\Illuminate\\Container\\BoundMethod.php(35): Illuminate\\Container\\BoundMethod::callBoundMethod(Object(Illuminate\\Foundation\\Application), Array, Object(Closure))\n#19 C:\\xampp\\htdocs\\student-task-management-system\\vendor\\laravel\\framework\\src\\Illuminate\\Container\\Container.php(754): Illuminate\\Container\\BoundMethod::call(Object(Illuminate\\Foundation\\Application), Array, Array, NULL)\n#20 C:\\xampp\\htdocs\\student-task-management-system\\vendor\\laravel\\framework\\src\\Illuminate\\Bus\\Dispatcher.php(125): Illuminate\\Container\\Container->call(Array)\n#21 C:\\xampp\\htdocs\\student-task-management-system\\vendor\\laravel\\framework\\src\\Illuminate\\Pipeline\\Pipeline.php(169): Illuminate\\Bus\\Dispatcher->Illuminate\\Bus\\{closure}(Object(Illuminate\\Notifications\\SendQueuedNotifications))\n#22 C:\\xampp\\htdocs\\student-task-management-system\\vendor\\laravel\\framework\\src\\Illuminate\\Pipeline\\Pipeline.php(126): Illuminate\\Pipeline\\Pipeline->Illuminate\\Pipeline\\{closure}(Object(Illuminate\\Notifications\\SendQueuedNotifications))\n#23 C:\\xampp\\htdocs\\student-task-management-system\\vendor\\laravel\\framework\\src\\Illuminate\\Bus\\Dispatcher.php(129): Illuminate\\Pipeline\\Pipeline->then(Object(Closure))\n#24 C:\\xampp\\htdocs\\student-task-management-system\\vendor\\laravel\\framework\\src\\Illuminate\\Queue\\CallQueuedHandler.php(125): Illuminate\\Bus\\Dispatcher->dispatchNow(Object(Illuminate\\Notifications\\SendQueuedNotifications), false)\n#25 C:\\xampp\\htdocs\\student-task-management-system\\vendor\\laravel\\framework\\src\\Illuminate\\Pipeline\\Pipeline.php(169): Illuminate\\Queue\\CallQueuedHandler->Illuminate\\Queue\\{closure}(Object(Illuminate\\Notifications\\SendQueuedNotifications))\n#26 C:\\xampp\\htdocs\\student-task-management-system\\vendor\\laravel\\framework\\src\\Illuminate\\Pipeline\\Pipeline.php(126): Illuminate\\Pipeline\\Pipeline->Illuminate\\Pipeline\\{closure}(Object(Illuminate\\Notifications\\SendQueuedNotifications))\n#27 C:\\xampp\\htdocs\\student-task-management-system\\vendor\\laravel\\framework\\src\\Illuminate\\Queue\\CallQueuedHandler.php(120): Illuminate\\Pipeline\\Pipeline->then(Object(Closure))\n#28 C:\\xampp\\htdocs\\student-task-management-system\\vendor\\laravel\\framework\\src\\Illuminate\\Queue\\CallQueuedHandler.php(68): Illuminate\\Queue\\CallQueuedHandler->dispatchThroughMiddleware(Object(Illuminate\\Queue\\Jobs\\DatabaseJob), Object(Illuminate\\Notifications\\SendQueuedNotifications))\n#29 C:\\xampp\\htdocs\\student-task-management-system\\vendor\\laravel\\framework\\src\\Illuminate\\Queue\\Jobs\\Job.php(102): Illuminate\\Queue\\CallQueuedHandler->call(Object(Illuminate\\Queue\\Jobs\\DatabaseJob), Array)\n#30 C:\\xampp\\htdocs\\student-task-management-system\\vendor\\laravel\\framework\\src\\Illuminate\\Queue\\Worker.php(441): Illuminate\\Queue\\Jobs\\Job->fire()\n#31 C:\\xampp\\htdocs\\student-task-management-system\\vendor\\laravel\\framework\\src\\Illuminate\\Queue\\Worker.php(391): Illuminate\\Queue\\Worker->process(\'database\', Object(Illuminate\\Queue\\Jobs\\DatabaseJob), Object(Illuminate\\Queue\\WorkerOptions))\n#32 C:\\xampp\\htdocs\\student-task-management-system\\vendor\\laravel\\framework\\src\\Illuminate\\Queue\\Worker.php(177): Illuminate\\Queue\\Worker->runJob(Object(Illuminate\\Queue\\Jobs\\DatabaseJob), \'database\', Object(Illuminate\\Queue\\WorkerOptions))\n#33 C:\\xampp\\htdocs\\student-task-management-system\\vendor\\laravel\\framework\\src\\Illuminate\\Queue\\Console\\WorkCommand.php(148): Illuminate\\Queue\\Worker->daemon(\'database\', \'default\', Object(Illuminate\\Queue\\WorkerOptions))\n#34 C:\\xampp\\htdocs\\student-task-management-system\\vendor\\laravel\\framework\\src\\Illuminate\\Queue\\Console\\WorkCommand.php(131): Illuminate\\Queue\\Console\\WorkCommand->runWorker(\'database\', \'default\')\n#35 C:\\xampp\\htdocs\\student-task-management-system\\vendor\\laravel\\framework\\src\\Illuminate\\Container\\BoundMethod.php(36): Illuminate\\Queue\\Console\\WorkCommand->handle()\n#36 C:\\xampp\\htdocs\\student-task-management-system\\vendor\\laravel\\framework\\src\\Illuminate\\Container\\Util.php(43): Illuminate\\Container\\BoundMethod::Illuminate\\Container\\{closure}()\n#37 C:\\xampp\\htdocs\\student-task-management-system\\vendor\\laravel\\framework\\src\\Illuminate\\Container\\BoundMethod.php(96): Illuminate\\Container\\Util::unwrapIfClosure(Object(Closure))\n#38 C:\\xampp\\htdocs\\student-task-management-system\\vendor\\laravel\\framework\\src\\Illuminate\\Container\\BoundMethod.php(35): Illuminate\\Container\\BoundMethod::callBoundMethod(Object(Illuminate\\Foundation\\Application), Array, Object(Closure))\n#39 C:\\xampp\\htdocs\\student-task-management-system\\vendor\\laravel\\framework\\src\\Illuminate\\Container\\Container.php(754): Illuminate\\Container\\BoundMethod::call(Object(Illuminate\\Foundation\\Application), Array, Array, NULL)\n#40 C:\\xampp\\htdocs\\student-task-management-system\\vendor\\laravel\\framework\\src\\Illuminate\\Console\\Command.php(211): Illuminate\\Container\\Container->call(Array)\n#41 C:\\xampp\\htdocs\\student-task-management-system\\vendor\\symfony\\console\\Command\\Command.php(279): Illuminate\\Console\\Command->execute(Object(Symfony\\Component\\Console\\Input\\ArgvInput), Object(Illuminate\\Console\\OutputStyle))\n#42 C:\\xampp\\htdocs\\student-task-management-system\\vendor\\laravel\\framework\\src\\Illuminate\\Console\\Command.php(180): Symfony\\Component\\Console\\Command\\Command->run(Object(Symfony\\Component\\Console\\Input\\ArgvInput), Object(Illuminate\\Console\\OutputStyle))\n#43 C:\\xampp\\htdocs\\student-task-management-system\\vendor\\symfony\\console\\Application.php(1094): Illuminate\\Console\\Command->run(Object(Symfony\\Component\\Console\\Input\\ArgvInput), Object(Symfony\\Component\\Console\\Output\\ConsoleOutput))\n#44 C:\\xampp\\htdocs\\student-task-management-system\\vendor\\symfony\\console\\Application.php(342): Symfony\\Component\\Console\\Application->doRunCommand(Object(Illuminate\\Queue\\Console\\WorkCommand), Object(Symfony\\Component\\Console\\Input\\ArgvInput), Object(Symfony\\Component\\Console\\Output\\ConsoleOutput))\n#45 C:\\xampp\\htdocs\\student-task-management-system\\vendor\\symfony\\console\\Application.php(193): Symfony\\Component\\Console\\Application->doRun(Object(Symfony\\Component\\Console\\Input\\ArgvInput), Object(Symfony\\Component\\Console\\Output\\ConsoleOutput))\n#46 C:\\xampp\\htdocs\\student-task-management-system\\vendor\\laravel\\framework\\src\\Illuminate\\Foundation\\Console\\Kernel.php(197): Symfony\\Component\\Console\\Application->run(Object(Symfony\\Component\\Console\\Input\\ArgvInput), Object(Symfony\\Component\\Console\\Output\\ConsoleOutput))\n#47 C:\\xampp\\htdocs\\student-task-management-system\\vendor\\laravel\\framework\\src\\Illuminate\\Foundation\\Application.php(1234): Illuminate\\Foundation\\Console\\Kernel->handle(Object(Symfony\\Component\\Console\\Input\\ArgvInput), Object(Symfony\\Component\\Console\\Output\\ConsoleOutput))\n#48 C:\\xampp\\htdocs\\student-task-management-system\\artisan(16): Illuminate\\Foundation\\Application->handleCommand(Object(Symfony\\Component\\Console\\Input\\ArgvInput))\n#49 {main}', '2025-04-15 16:45:59');
INSERT INTO `failed_jobs` (`id`, `uuid`, `connection`, `queue`, `payload`, `exception`, `failed_at`) VALUES
(8, '7ec393e1-2cc0-4763-aa3e-5bf067af31df', 'database', 'default', '{\"uuid\":\"7ec393e1-2cc0-4763-aa3e-5bf067af31df\",\"displayName\":\"App\\\\Notifications\\\\AnnouncementNotification\",\"job\":\"Illuminate\\\\Queue\\\\CallQueuedHandler@call\",\"maxTries\":null,\"maxExceptions\":null,\"failOnTimeout\":false,\"backoff\":null,\"timeout\":null,\"retryUntil\":null,\"data\":{\"commandName\":\"Illuminate\\\\Notifications\\\\SendQueuedNotifications\",\"command\":\"O:48:\\\"Illuminate\\\\Notifications\\\\SendQueuedNotifications\\\":3:{s:11:\\\"notifiables\\\";O:45:\\\"Illuminate\\\\Contracts\\\\Database\\\\ModelIdentifier\\\":5:{s:5:\\\"class\\\";s:15:\\\"App\\\\Models\\\\User\\\";s:2:\\\"id\\\";a:1:{i:0;i:7;}s:9:\\\"relations\\\";a:0:{}s:10:\\\"connection\\\";s:5:\\\"mysql\\\";s:15:\\\"collectionClass\\\";N;}s:12:\\\"notification\\\";O:42:\\\"App\\\\Notifications\\\\AnnouncementNotification\\\":2:{s:12:\\\"announcement\\\";O:45:\\\"Illuminate\\\\Contracts\\\\Database\\\\ModelIdentifier\\\":5:{s:5:\\\"class\\\";s:23:\\\"App\\\\Models\\\\Announcement\\\";s:2:\\\"id\\\";i:3;s:9:\\\"relations\\\";a:0:{}s:10:\\\"connection\\\";s:5:\\\"mysql\\\";s:15:\\\"collectionClass\\\";N;}s:2:\\\"id\\\";s:36:\\\"98486175-f92b-40ba-8000-9a46e8aa4d4e\\\";}s:8:\\\"channels\\\";a:1:{i:0;s:4:\\\"mail\\\";}}\"}}', 'InvalidArgumentException: View [emails.announcement] not found. in C:\\xampp\\htdocs\\student-task-management-system\\vendor\\laravel\\framework\\src\\Illuminate\\View\\FileViewFinder.php:138\nStack trace:\n#0 C:\\xampp\\htdocs\\student-task-management-system\\vendor\\laravel\\framework\\src\\Illuminate\\View\\FileViewFinder.php(78): Illuminate\\View\\FileViewFinder->findInPaths(\'emails.announce...\', Array)\n#1 C:\\xampp\\htdocs\\student-task-management-system\\vendor\\laravel\\framework\\src\\Illuminate\\View\\Factory.php(150): Illuminate\\View\\FileViewFinder->find(\'emails.announce...\')\n#2 C:\\xampp\\htdocs\\student-task-management-system\\vendor\\laravel\\framework\\src\\Illuminate\\Mail\\Markdown.php(64): Illuminate\\View\\Factory->make(\'emails.announce...\', Array)\n#3 C:\\xampp\\htdocs\\student-task-management-system\\vendor\\laravel\\framework\\src\\Illuminate\\Notifications\\Channels\\MailChannel.php(114): Illuminate\\Mail\\Markdown->render(\'emails.announce...\', Array)\n#4 C:\\xampp\\htdocs\\student-task-management-system\\vendor\\laravel\\framework\\src\\Illuminate\\Collections\\helpers.php(236): Illuminate\\Notifications\\Channels\\MailChannel->Illuminate\\Notifications\\Channels\\{closure}(Array)\n#5 C:\\xampp\\htdocs\\student-task-management-system\\vendor\\laravel\\framework\\src\\Illuminate\\Mail\\Mailer.php(440): value(Object(Closure), Array)\n#6 C:\\xampp\\htdocs\\student-task-management-system\\vendor\\laravel\\framework\\src\\Illuminate\\Mail\\Mailer.php(419): Illuminate\\Mail\\Mailer->renderView(Object(Closure), Array)\n#7 C:\\xampp\\htdocs\\student-task-management-system\\vendor\\laravel\\framework\\src\\Illuminate\\Mail\\Mailer.php(312): Illuminate\\Mail\\Mailer->addContent(Object(Illuminate\\Mail\\Message), Object(Closure), Object(Closure), NULL, Array)\n#8 C:\\xampp\\htdocs\\student-task-management-system\\vendor\\laravel\\framework\\src\\Illuminate\\Notifications\\Channels\\MailChannel.php(66): Illuminate\\Mail\\Mailer->send(Object(Closure), Array, Object(Closure))\n#9 C:\\xampp\\htdocs\\student-task-management-system\\vendor\\laravel\\framework\\src\\Illuminate\\Notifications\\NotificationSender.php(147): Illuminate\\Notifications\\Channels\\MailChannel->send(Object(App\\Models\\User), Object(App\\Notifications\\AnnouncementNotification))\n#10 C:\\xampp\\htdocs\\student-task-management-system\\vendor\\laravel\\framework\\src\\Illuminate\\Notifications\\NotificationSender.php(105): Illuminate\\Notifications\\NotificationSender->sendToNotifiable(Object(App\\Models\\User), \'ea4d229b-b656-4...\', Object(App\\Notifications\\AnnouncementNotification), \'mail\')\n#11 C:\\xampp\\htdocs\\student-task-management-system\\vendor\\laravel\\framework\\src\\Illuminate\\Support\\Traits\\Localizable.php(19): Illuminate\\Notifications\\NotificationSender->Illuminate\\Notifications\\{closure}()\n#12 C:\\xampp\\htdocs\\student-task-management-system\\vendor\\laravel\\framework\\src\\Illuminate\\Notifications\\NotificationSender.php(100): Illuminate\\Notifications\\NotificationSender->withLocale(NULL, Object(Closure))\n#13 C:\\xampp\\htdocs\\student-task-management-system\\vendor\\laravel\\framework\\src\\Illuminate\\Notifications\\ChannelManager.php(54): Illuminate\\Notifications\\NotificationSender->sendNow(Object(Illuminate\\Database\\Eloquent\\Collection), Object(App\\Notifications\\AnnouncementNotification), Array)\n#14 C:\\xampp\\htdocs\\student-task-management-system\\vendor\\laravel\\framework\\src\\Illuminate\\Notifications\\SendQueuedNotifications.php(118): Illuminate\\Notifications\\ChannelManager->sendNow(Object(Illuminate\\Database\\Eloquent\\Collection), Object(App\\Notifications\\AnnouncementNotification), Array)\n#15 C:\\xampp\\htdocs\\student-task-management-system\\vendor\\laravel\\framework\\src\\Illuminate\\Container\\BoundMethod.php(36): Illuminate\\Notifications\\SendQueuedNotifications->handle(Object(Illuminate\\Notifications\\ChannelManager))\n#16 C:\\xampp\\htdocs\\student-task-management-system\\vendor\\laravel\\framework\\src\\Illuminate\\Container\\Util.php(43): Illuminate\\Container\\BoundMethod::Illuminate\\Container\\{closure}()\n#17 C:\\xampp\\htdocs\\student-task-management-system\\vendor\\laravel\\framework\\src\\Illuminate\\Container\\BoundMethod.php(96): Illuminate\\Container\\Util::unwrapIfClosure(Object(Closure))\n#18 C:\\xampp\\htdocs\\student-task-management-system\\vendor\\laravel\\framework\\src\\Illuminate\\Container\\BoundMethod.php(35): Illuminate\\Container\\BoundMethod::callBoundMethod(Object(Illuminate\\Foundation\\Application), Array, Object(Closure))\n#19 C:\\xampp\\htdocs\\student-task-management-system\\vendor\\laravel\\framework\\src\\Illuminate\\Container\\Container.php(754): Illuminate\\Container\\BoundMethod::call(Object(Illuminate\\Foundation\\Application), Array, Array, NULL)\n#20 C:\\xampp\\htdocs\\student-task-management-system\\vendor\\laravel\\framework\\src\\Illuminate\\Bus\\Dispatcher.php(125): Illuminate\\Container\\Container->call(Array)\n#21 C:\\xampp\\htdocs\\student-task-management-system\\vendor\\laravel\\framework\\src\\Illuminate\\Pipeline\\Pipeline.php(169): Illuminate\\Bus\\Dispatcher->Illuminate\\Bus\\{closure}(Object(Illuminate\\Notifications\\SendQueuedNotifications))\n#22 C:\\xampp\\htdocs\\student-task-management-system\\vendor\\laravel\\framework\\src\\Illuminate\\Pipeline\\Pipeline.php(126): Illuminate\\Pipeline\\Pipeline->Illuminate\\Pipeline\\{closure}(Object(Illuminate\\Notifications\\SendQueuedNotifications))\n#23 C:\\xampp\\htdocs\\student-task-management-system\\vendor\\laravel\\framework\\src\\Illuminate\\Bus\\Dispatcher.php(129): Illuminate\\Pipeline\\Pipeline->then(Object(Closure))\n#24 C:\\xampp\\htdocs\\student-task-management-system\\vendor\\laravel\\framework\\src\\Illuminate\\Queue\\CallQueuedHandler.php(125): Illuminate\\Bus\\Dispatcher->dispatchNow(Object(Illuminate\\Notifications\\SendQueuedNotifications), false)\n#25 C:\\xampp\\htdocs\\student-task-management-system\\vendor\\laravel\\framework\\src\\Illuminate\\Pipeline\\Pipeline.php(169): Illuminate\\Queue\\CallQueuedHandler->Illuminate\\Queue\\{closure}(Object(Illuminate\\Notifications\\SendQueuedNotifications))\n#26 C:\\xampp\\htdocs\\student-task-management-system\\vendor\\laravel\\framework\\src\\Illuminate\\Pipeline\\Pipeline.php(126): Illuminate\\Pipeline\\Pipeline->Illuminate\\Pipeline\\{closure}(Object(Illuminate\\Notifications\\SendQueuedNotifications))\n#27 C:\\xampp\\htdocs\\student-task-management-system\\vendor\\laravel\\framework\\src\\Illuminate\\Queue\\CallQueuedHandler.php(120): Illuminate\\Pipeline\\Pipeline->then(Object(Closure))\n#28 C:\\xampp\\htdocs\\student-task-management-system\\vendor\\laravel\\framework\\src\\Illuminate\\Queue\\CallQueuedHandler.php(68): Illuminate\\Queue\\CallQueuedHandler->dispatchThroughMiddleware(Object(Illuminate\\Queue\\Jobs\\DatabaseJob), Object(Illuminate\\Notifications\\SendQueuedNotifications))\n#29 C:\\xampp\\htdocs\\student-task-management-system\\vendor\\laravel\\framework\\src\\Illuminate\\Queue\\Jobs\\Job.php(102): Illuminate\\Queue\\CallQueuedHandler->call(Object(Illuminate\\Queue\\Jobs\\DatabaseJob), Array)\n#30 C:\\xampp\\htdocs\\student-task-management-system\\vendor\\laravel\\framework\\src\\Illuminate\\Queue\\Worker.php(441): Illuminate\\Queue\\Jobs\\Job->fire()\n#31 C:\\xampp\\htdocs\\student-task-management-system\\vendor\\laravel\\framework\\src\\Illuminate\\Queue\\Worker.php(391): Illuminate\\Queue\\Worker->process(\'database\', Object(Illuminate\\Queue\\Jobs\\DatabaseJob), Object(Illuminate\\Queue\\WorkerOptions))\n#32 C:\\xampp\\htdocs\\student-task-management-system\\vendor\\laravel\\framework\\src\\Illuminate\\Queue\\Worker.php(177): Illuminate\\Queue\\Worker->runJob(Object(Illuminate\\Queue\\Jobs\\DatabaseJob), \'database\', Object(Illuminate\\Queue\\WorkerOptions))\n#33 C:\\xampp\\htdocs\\student-task-management-system\\vendor\\laravel\\framework\\src\\Illuminate\\Queue\\Console\\WorkCommand.php(148): Illuminate\\Queue\\Worker->daemon(\'database\', \'default\', Object(Illuminate\\Queue\\WorkerOptions))\n#34 C:\\xampp\\htdocs\\student-task-management-system\\vendor\\laravel\\framework\\src\\Illuminate\\Queue\\Console\\WorkCommand.php(131): Illuminate\\Queue\\Console\\WorkCommand->runWorker(\'database\', \'default\')\n#35 C:\\xampp\\htdocs\\student-task-management-system\\vendor\\laravel\\framework\\src\\Illuminate\\Container\\BoundMethod.php(36): Illuminate\\Queue\\Console\\WorkCommand->handle()\n#36 C:\\xampp\\htdocs\\student-task-management-system\\vendor\\laravel\\framework\\src\\Illuminate\\Container\\Util.php(43): Illuminate\\Container\\BoundMethod::Illuminate\\Container\\{closure}()\n#37 C:\\xampp\\htdocs\\student-task-management-system\\vendor\\laravel\\framework\\src\\Illuminate\\Container\\BoundMethod.php(96): Illuminate\\Container\\Util::unwrapIfClosure(Object(Closure))\n#38 C:\\xampp\\htdocs\\student-task-management-system\\vendor\\laravel\\framework\\src\\Illuminate\\Container\\BoundMethod.php(35): Illuminate\\Container\\BoundMethod::callBoundMethod(Object(Illuminate\\Foundation\\Application), Array, Object(Closure))\n#39 C:\\xampp\\htdocs\\student-task-management-system\\vendor\\laravel\\framework\\src\\Illuminate\\Container\\Container.php(754): Illuminate\\Container\\BoundMethod::call(Object(Illuminate\\Foundation\\Application), Array, Array, NULL)\n#40 C:\\xampp\\htdocs\\student-task-management-system\\vendor\\laravel\\framework\\src\\Illuminate\\Console\\Command.php(211): Illuminate\\Container\\Container->call(Array)\n#41 C:\\xampp\\htdocs\\student-task-management-system\\vendor\\symfony\\console\\Command\\Command.php(279): Illuminate\\Console\\Command->execute(Object(Symfony\\Component\\Console\\Input\\ArgvInput), Object(Illuminate\\Console\\OutputStyle))\n#42 C:\\xampp\\htdocs\\student-task-management-system\\vendor\\laravel\\framework\\src\\Illuminate\\Console\\Command.php(180): Symfony\\Component\\Console\\Command\\Command->run(Object(Symfony\\Component\\Console\\Input\\ArgvInput), Object(Illuminate\\Console\\OutputStyle))\n#43 C:\\xampp\\htdocs\\student-task-management-system\\vendor\\symfony\\console\\Application.php(1094): Illuminate\\Console\\Command->run(Object(Symfony\\Component\\Console\\Input\\ArgvInput), Object(Symfony\\Component\\Console\\Output\\ConsoleOutput))\n#44 C:\\xampp\\htdocs\\student-task-management-system\\vendor\\symfony\\console\\Application.php(342): Symfony\\Component\\Console\\Application->doRunCommand(Object(Illuminate\\Queue\\Console\\WorkCommand), Object(Symfony\\Component\\Console\\Input\\ArgvInput), Object(Symfony\\Component\\Console\\Output\\ConsoleOutput))\n#45 C:\\xampp\\htdocs\\student-task-management-system\\vendor\\symfony\\console\\Application.php(193): Symfony\\Component\\Console\\Application->doRun(Object(Symfony\\Component\\Console\\Input\\ArgvInput), Object(Symfony\\Component\\Console\\Output\\ConsoleOutput))\n#46 C:\\xampp\\htdocs\\student-task-management-system\\vendor\\laravel\\framework\\src\\Illuminate\\Foundation\\Console\\Kernel.php(197): Symfony\\Component\\Console\\Application->run(Object(Symfony\\Component\\Console\\Input\\ArgvInput), Object(Symfony\\Component\\Console\\Output\\ConsoleOutput))\n#47 C:\\xampp\\htdocs\\student-task-management-system\\vendor\\laravel\\framework\\src\\Illuminate\\Foundation\\Application.php(1234): Illuminate\\Foundation\\Console\\Kernel->handle(Object(Symfony\\Component\\Console\\Input\\ArgvInput), Object(Symfony\\Component\\Console\\Output\\ConsoleOutput))\n#48 C:\\xampp\\htdocs\\student-task-management-system\\artisan(16): Illuminate\\Foundation\\Application->handleCommand(Object(Symfony\\Component\\Console\\Input\\ArgvInput))\n#49 {main}', '2025-04-15 16:48:14'),
(9, 'a2d62c54-12fa-4794-bba9-5c7df71c9b1b', 'database', 'default', '{\"uuid\":\"a2d62c54-12fa-4794-bba9-5c7df71c9b1b\",\"displayName\":\"App\\\\Notifications\\\\AnnouncementNotification\",\"job\":\"Illuminate\\\\Queue\\\\CallQueuedHandler@call\",\"maxTries\":null,\"maxExceptions\":null,\"failOnTimeout\":false,\"backoff\":null,\"timeout\":null,\"retryUntil\":null,\"data\":{\"commandName\":\"Illuminate\\\\Notifications\\\\SendQueuedNotifications\",\"command\":\"O:48:\\\"Illuminate\\\\Notifications\\\\SendQueuedNotifications\\\":3:{s:11:\\\"notifiables\\\";O:45:\\\"Illuminate\\\\Contracts\\\\Database\\\\ModelIdentifier\\\":5:{s:5:\\\"class\\\";s:15:\\\"App\\\\Models\\\\User\\\";s:2:\\\"id\\\";a:1:{i:0;i:8;}s:9:\\\"relations\\\";a:0:{}s:10:\\\"connection\\\";s:5:\\\"mysql\\\";s:15:\\\"collectionClass\\\";N;}s:12:\\\"notification\\\";O:42:\\\"App\\\\Notifications\\\\AnnouncementNotification\\\":2:{s:12:\\\"announcement\\\";O:45:\\\"Illuminate\\\\Contracts\\\\Database\\\\ModelIdentifier\\\":5:{s:5:\\\"class\\\";s:23:\\\"App\\\\Models\\\\Announcement\\\";s:2:\\\"id\\\";i:3;s:9:\\\"relations\\\";a:0:{}s:10:\\\"connection\\\";s:5:\\\"mysql\\\";s:15:\\\"collectionClass\\\";N;}s:2:\\\"id\\\";s:36:\\\"c6a454b1-5a36-4749-bb63-4ea42f9188ff\\\";}s:8:\\\"channels\\\";a:1:{i:0;s:4:\\\"mail\\\";}}\"}}', 'InvalidArgumentException: View [emails.announcement] not found. in C:\\xampp\\htdocs\\student-task-management-system\\vendor\\laravel\\framework\\src\\Illuminate\\View\\FileViewFinder.php:138\nStack trace:\n#0 C:\\xampp\\htdocs\\student-task-management-system\\vendor\\laravel\\framework\\src\\Illuminate\\View\\FileViewFinder.php(78): Illuminate\\View\\FileViewFinder->findInPaths(\'emails.announce...\', Array)\n#1 C:\\xampp\\htdocs\\student-task-management-system\\vendor\\laravel\\framework\\src\\Illuminate\\View\\Factory.php(150): Illuminate\\View\\FileViewFinder->find(\'emails.announce...\')\n#2 C:\\xampp\\htdocs\\student-task-management-system\\vendor\\laravel\\framework\\src\\Illuminate\\Mail\\Markdown.php(64): Illuminate\\View\\Factory->make(\'emails.announce...\', Array)\n#3 C:\\xampp\\htdocs\\student-task-management-system\\vendor\\laravel\\framework\\src\\Illuminate\\Notifications\\Channels\\MailChannel.php(114): Illuminate\\Mail\\Markdown->render(\'emails.announce...\', Array)\n#4 C:\\xampp\\htdocs\\student-task-management-system\\vendor\\laravel\\framework\\src\\Illuminate\\Collections\\helpers.php(236): Illuminate\\Notifications\\Channels\\MailChannel->Illuminate\\Notifications\\Channels\\{closure}(Array)\n#5 C:\\xampp\\htdocs\\student-task-management-system\\vendor\\laravel\\framework\\src\\Illuminate\\Mail\\Mailer.php(440): value(Object(Closure), Array)\n#6 C:\\xampp\\htdocs\\student-task-management-system\\vendor\\laravel\\framework\\src\\Illuminate\\Mail\\Mailer.php(419): Illuminate\\Mail\\Mailer->renderView(Object(Closure), Array)\n#7 C:\\xampp\\htdocs\\student-task-management-system\\vendor\\laravel\\framework\\src\\Illuminate\\Mail\\Mailer.php(312): Illuminate\\Mail\\Mailer->addContent(Object(Illuminate\\Mail\\Message), Object(Closure), Object(Closure), NULL, Array)\n#8 C:\\xampp\\htdocs\\student-task-management-system\\vendor\\laravel\\framework\\src\\Illuminate\\Notifications\\Channels\\MailChannel.php(66): Illuminate\\Mail\\Mailer->send(Object(Closure), Array, Object(Closure))\n#9 C:\\xampp\\htdocs\\student-task-management-system\\vendor\\laravel\\framework\\src\\Illuminate\\Notifications\\NotificationSender.php(147): Illuminate\\Notifications\\Channels\\MailChannel->send(Object(App\\Models\\User), Object(App\\Notifications\\AnnouncementNotification))\n#10 C:\\xampp\\htdocs\\student-task-management-system\\vendor\\laravel\\framework\\src\\Illuminate\\Notifications\\NotificationSender.php(105): Illuminate\\Notifications\\NotificationSender->sendToNotifiable(Object(App\\Models\\User), \'44566883-2850-4...\', Object(App\\Notifications\\AnnouncementNotification), \'mail\')\n#11 C:\\xampp\\htdocs\\student-task-management-system\\vendor\\laravel\\framework\\src\\Illuminate\\Support\\Traits\\Localizable.php(19): Illuminate\\Notifications\\NotificationSender->Illuminate\\Notifications\\{closure}()\n#12 C:\\xampp\\htdocs\\student-task-management-system\\vendor\\laravel\\framework\\src\\Illuminate\\Notifications\\NotificationSender.php(100): Illuminate\\Notifications\\NotificationSender->withLocale(NULL, Object(Closure))\n#13 C:\\xampp\\htdocs\\student-task-management-system\\vendor\\laravel\\framework\\src\\Illuminate\\Notifications\\ChannelManager.php(54): Illuminate\\Notifications\\NotificationSender->sendNow(Object(Illuminate\\Database\\Eloquent\\Collection), Object(App\\Notifications\\AnnouncementNotification), Array)\n#14 C:\\xampp\\htdocs\\student-task-management-system\\vendor\\laravel\\framework\\src\\Illuminate\\Notifications\\SendQueuedNotifications.php(118): Illuminate\\Notifications\\ChannelManager->sendNow(Object(Illuminate\\Database\\Eloquent\\Collection), Object(App\\Notifications\\AnnouncementNotification), Array)\n#15 C:\\xampp\\htdocs\\student-task-management-system\\vendor\\laravel\\framework\\src\\Illuminate\\Container\\BoundMethod.php(36): Illuminate\\Notifications\\SendQueuedNotifications->handle(Object(Illuminate\\Notifications\\ChannelManager))\n#16 C:\\xampp\\htdocs\\student-task-management-system\\vendor\\laravel\\framework\\src\\Illuminate\\Container\\Util.php(43): Illuminate\\Container\\BoundMethod::Illuminate\\Container\\{closure}()\n#17 C:\\xampp\\htdocs\\student-task-management-system\\vendor\\laravel\\framework\\src\\Illuminate\\Container\\BoundMethod.php(96): Illuminate\\Container\\Util::unwrapIfClosure(Object(Closure))\n#18 C:\\xampp\\htdocs\\student-task-management-system\\vendor\\laravel\\framework\\src\\Illuminate\\Container\\BoundMethod.php(35): Illuminate\\Container\\BoundMethod::callBoundMethod(Object(Illuminate\\Foundation\\Application), Array, Object(Closure))\n#19 C:\\xampp\\htdocs\\student-task-management-system\\vendor\\laravel\\framework\\src\\Illuminate\\Container\\Container.php(754): Illuminate\\Container\\BoundMethod::call(Object(Illuminate\\Foundation\\Application), Array, Array, NULL)\n#20 C:\\xampp\\htdocs\\student-task-management-system\\vendor\\laravel\\framework\\src\\Illuminate\\Bus\\Dispatcher.php(125): Illuminate\\Container\\Container->call(Array)\n#21 C:\\xampp\\htdocs\\student-task-management-system\\vendor\\laravel\\framework\\src\\Illuminate\\Pipeline\\Pipeline.php(169): Illuminate\\Bus\\Dispatcher->Illuminate\\Bus\\{closure}(Object(Illuminate\\Notifications\\SendQueuedNotifications))\n#22 C:\\xampp\\htdocs\\student-task-management-system\\vendor\\laravel\\framework\\src\\Illuminate\\Pipeline\\Pipeline.php(126): Illuminate\\Pipeline\\Pipeline->Illuminate\\Pipeline\\{closure}(Object(Illuminate\\Notifications\\SendQueuedNotifications))\n#23 C:\\xampp\\htdocs\\student-task-management-system\\vendor\\laravel\\framework\\src\\Illuminate\\Bus\\Dispatcher.php(129): Illuminate\\Pipeline\\Pipeline->then(Object(Closure))\n#24 C:\\xampp\\htdocs\\student-task-management-system\\vendor\\laravel\\framework\\src\\Illuminate\\Queue\\CallQueuedHandler.php(125): Illuminate\\Bus\\Dispatcher->dispatchNow(Object(Illuminate\\Notifications\\SendQueuedNotifications), false)\n#25 C:\\xampp\\htdocs\\student-task-management-system\\vendor\\laravel\\framework\\src\\Illuminate\\Pipeline\\Pipeline.php(169): Illuminate\\Queue\\CallQueuedHandler->Illuminate\\Queue\\{closure}(Object(Illuminate\\Notifications\\SendQueuedNotifications))\n#26 C:\\xampp\\htdocs\\student-task-management-system\\vendor\\laravel\\framework\\src\\Illuminate\\Pipeline\\Pipeline.php(126): Illuminate\\Pipeline\\Pipeline->Illuminate\\Pipeline\\{closure}(Object(Illuminate\\Notifications\\SendQueuedNotifications))\n#27 C:\\xampp\\htdocs\\student-task-management-system\\vendor\\laravel\\framework\\src\\Illuminate\\Queue\\CallQueuedHandler.php(120): Illuminate\\Pipeline\\Pipeline->then(Object(Closure))\n#28 C:\\xampp\\htdocs\\student-task-management-system\\vendor\\laravel\\framework\\src\\Illuminate\\Queue\\CallQueuedHandler.php(68): Illuminate\\Queue\\CallQueuedHandler->dispatchThroughMiddleware(Object(Illuminate\\Queue\\Jobs\\DatabaseJob), Object(Illuminate\\Notifications\\SendQueuedNotifications))\n#29 C:\\xampp\\htdocs\\student-task-management-system\\vendor\\laravel\\framework\\src\\Illuminate\\Queue\\Jobs\\Job.php(102): Illuminate\\Queue\\CallQueuedHandler->call(Object(Illuminate\\Queue\\Jobs\\DatabaseJob), Array)\n#30 C:\\xampp\\htdocs\\student-task-management-system\\vendor\\laravel\\framework\\src\\Illuminate\\Queue\\Worker.php(441): Illuminate\\Queue\\Jobs\\Job->fire()\n#31 C:\\xampp\\htdocs\\student-task-management-system\\vendor\\laravel\\framework\\src\\Illuminate\\Queue\\Worker.php(391): Illuminate\\Queue\\Worker->process(\'database\', Object(Illuminate\\Queue\\Jobs\\DatabaseJob), Object(Illuminate\\Queue\\WorkerOptions))\n#32 C:\\xampp\\htdocs\\student-task-management-system\\vendor\\laravel\\framework\\src\\Illuminate\\Queue\\Worker.php(177): Illuminate\\Queue\\Worker->runJob(Object(Illuminate\\Queue\\Jobs\\DatabaseJob), \'database\', Object(Illuminate\\Queue\\WorkerOptions))\n#33 C:\\xampp\\htdocs\\student-task-management-system\\vendor\\laravel\\framework\\src\\Illuminate\\Queue\\Console\\WorkCommand.php(148): Illuminate\\Queue\\Worker->daemon(\'database\', \'default\', Object(Illuminate\\Queue\\WorkerOptions))\n#34 C:\\xampp\\htdocs\\student-task-management-system\\vendor\\laravel\\framework\\src\\Illuminate\\Queue\\Console\\WorkCommand.php(131): Illuminate\\Queue\\Console\\WorkCommand->runWorker(\'database\', \'default\')\n#35 C:\\xampp\\htdocs\\student-task-management-system\\vendor\\laravel\\framework\\src\\Illuminate\\Container\\BoundMethod.php(36): Illuminate\\Queue\\Console\\WorkCommand->handle()\n#36 C:\\xampp\\htdocs\\student-task-management-system\\vendor\\laravel\\framework\\src\\Illuminate\\Container\\Util.php(43): Illuminate\\Container\\BoundMethod::Illuminate\\Container\\{closure}()\n#37 C:\\xampp\\htdocs\\student-task-management-system\\vendor\\laravel\\framework\\src\\Illuminate\\Container\\BoundMethod.php(96): Illuminate\\Container\\Util::unwrapIfClosure(Object(Closure))\n#38 C:\\xampp\\htdocs\\student-task-management-system\\vendor\\laravel\\framework\\src\\Illuminate\\Container\\BoundMethod.php(35): Illuminate\\Container\\BoundMethod::callBoundMethod(Object(Illuminate\\Foundation\\Application), Array, Object(Closure))\n#39 C:\\xampp\\htdocs\\student-task-management-system\\vendor\\laravel\\framework\\src\\Illuminate\\Container\\Container.php(754): Illuminate\\Container\\BoundMethod::call(Object(Illuminate\\Foundation\\Application), Array, Array, NULL)\n#40 C:\\xampp\\htdocs\\student-task-management-system\\vendor\\laravel\\framework\\src\\Illuminate\\Console\\Command.php(211): Illuminate\\Container\\Container->call(Array)\n#41 C:\\xampp\\htdocs\\student-task-management-system\\vendor\\symfony\\console\\Command\\Command.php(279): Illuminate\\Console\\Command->execute(Object(Symfony\\Component\\Console\\Input\\ArgvInput), Object(Illuminate\\Console\\OutputStyle))\n#42 C:\\xampp\\htdocs\\student-task-management-system\\vendor\\laravel\\framework\\src\\Illuminate\\Console\\Command.php(180): Symfony\\Component\\Console\\Command\\Command->run(Object(Symfony\\Component\\Console\\Input\\ArgvInput), Object(Illuminate\\Console\\OutputStyle))\n#43 C:\\xampp\\htdocs\\student-task-management-system\\vendor\\symfony\\console\\Application.php(1094): Illuminate\\Console\\Command->run(Object(Symfony\\Component\\Console\\Input\\ArgvInput), Object(Symfony\\Component\\Console\\Output\\ConsoleOutput))\n#44 C:\\xampp\\htdocs\\student-task-management-system\\vendor\\symfony\\console\\Application.php(342): Symfony\\Component\\Console\\Application->doRunCommand(Object(Illuminate\\Queue\\Console\\WorkCommand), Object(Symfony\\Component\\Console\\Input\\ArgvInput), Object(Symfony\\Component\\Console\\Output\\ConsoleOutput))\n#45 C:\\xampp\\htdocs\\student-task-management-system\\vendor\\symfony\\console\\Application.php(193): Symfony\\Component\\Console\\Application->doRun(Object(Symfony\\Component\\Console\\Input\\ArgvInput), Object(Symfony\\Component\\Console\\Output\\ConsoleOutput))\n#46 C:\\xampp\\htdocs\\student-task-management-system\\vendor\\laravel\\framework\\src\\Illuminate\\Foundation\\Console\\Kernel.php(197): Symfony\\Component\\Console\\Application->run(Object(Symfony\\Component\\Console\\Input\\ArgvInput), Object(Symfony\\Component\\Console\\Output\\ConsoleOutput))\n#47 C:\\xampp\\htdocs\\student-task-management-system\\vendor\\laravel\\framework\\src\\Illuminate\\Foundation\\Application.php(1234): Illuminate\\Foundation\\Console\\Kernel->handle(Object(Symfony\\Component\\Console\\Input\\ArgvInput), Object(Symfony\\Component\\Console\\Output\\ConsoleOutput))\n#48 C:\\xampp\\htdocs\\student-task-management-system\\artisan(16): Illuminate\\Foundation\\Application->handleCommand(Object(Symfony\\Component\\Console\\Input\\ArgvInput))\n#49 {main}', '2025-04-15 16:48:14');

-- --------------------------------------------------------

--
-- Table structure for table `jobs`
--

CREATE TABLE `jobs` (
  `id` bigint(20) UNSIGNED NOT NULL,
  `queue` varchar(255) NOT NULL,
  `payload` longtext NOT NULL,
  `attempts` tinyint(3) UNSIGNED NOT NULL,
  `reserved_at` int(10) UNSIGNED DEFAULT NULL,
  `available_at` int(10) UNSIGNED NOT NULL,
  `created_at` int(10) UNSIGNED NOT NULL
) ENGINE=InnoDB DEFAULT CHARSET=utf8mb4 COLLATE=utf8mb4_unicode_ci;

-- --------------------------------------------------------

--
-- Table structure for table `job_batches`
--

CREATE TABLE `job_batches` (
  `id` varchar(255) NOT NULL,
  `name` varchar(255) NOT NULL,
  `total_jobs` int(11) NOT NULL,
  `pending_jobs` int(11) NOT NULL,
  `failed_jobs` int(11) NOT NULL,
  `failed_job_ids` longtext NOT NULL,
  `options` mediumtext DEFAULT NULL,
  `cancelled_at` int(11) DEFAULT NULL,
  `created_at` int(11) NOT NULL,
  `finished_at` int(11) DEFAULT NULL
) ENGINE=InnoDB DEFAULT CHARSET=utf8mb4 COLLATE=utf8mb4_unicode_ci;

-- --------------------------------------------------------

--
-- Table structure for table `migrations`
--

CREATE TABLE `migrations` (
  `id` int(10) UNSIGNED NOT NULL,
  `migration` varchar(255) NOT NULL,
  `batch` int(11) NOT NULL
) ENGINE=InnoDB DEFAULT CHARSET=utf8mb4 COLLATE=utf8mb4_unicode_ci;

--
-- Dumping data for table `migrations`
--

INSERT INTO `migrations` (`id`, `migration`, `batch`) VALUES
(13, '0001_01_01_000000_create_users_table', 1),
(14, '0001_01_01_000001_create_cache_table', 1),
(15, '0001_01_01_000002_create_jobs_table', 1),
(16, '2025_04_14_043501_add_deleted_at_to_users_table', 2),
(17, '2025_04_14_064130_add_student_created_by_to_users_table', 3),
(18, '2025_04_14_070118_create_delete_requests_table', 4),
(21, '2025_04_14_132921_create_tasks_table', 5),
(22, '2025_04_15_045038_create_announcements_table', 6),
(23, '2025_04_15_051638_create_notifications_table', 7),
(24, '2025_04_15_052345_add_deleted_at_to_announcements_table', 8),
(25, '2025_04_15_155612_add_sent_to_announcements_table', 9),
(26, '2025_04_15_163333_create_task_submissions_table', 10),
(27, '2025_04_15_163551_create_task_feedback_table', 11);

-- --------------------------------------------------------

--
-- Table structure for table `notifications`
--

CREATE TABLE `notifications` (
  `id` char(36) NOT NULL,
  `type` varchar(255) NOT NULL,
  `notifiable_type` varchar(255) NOT NULL,
  `notifiable_id` bigint(20) UNSIGNED NOT NULL,
  `data` text NOT NULL,
  `read_at` timestamp NULL DEFAULT NULL,
  `created_at` timestamp NULL DEFAULT NULL,
  `updated_at` timestamp NULL DEFAULT NULL
) ENGINE=InnoDB DEFAULT CHARSET=utf8mb4 COLLATE=utf8mb4_unicode_ci;

--
-- Dumping data for table `notifications`
--

INSERT INTO `notifications` (`id`, `type`, `notifiable_type`, `notifiable_id`, `data`, `read_at`, `created_at`, `updated_at`) VALUES
('09075f72-3748-4d2b-bf98-df8bfdd3a51c', 'App\\Notifications\\AnnouncementNotification', 'App\\Models\\User', 7, '{\"announcement_id\":5,\"title\":\"test 1\",\"description\":\"5g5g g\",\"image\":null,\"sent_at\":\"2025-04-15T16:42:35.314240Z\"}', NULL, '2025-04-15 16:42:35', '2025-04-15 16:42:35'),
('11a2a244-162f-45d4-819e-b2bc62d32864', 'App\\Notifications\\AnnouncementNotification', 'App\\Models\\User', 7, '{\"announcement_id\":3,\"title\":\"sfvs\",\"description\":\"swfcwsf\",\"image\":null,\"sent_at\":\"2025-04-15T16:37:33.849329Z\"}', NULL, '2025-04-15 16:37:33', '2025-04-15 16:37:33'),
('2a266c80-571c-4694-8044-44500baf3316', 'App\\Notifications\\AnnouncementNotification', 'App\\Models\\User', 8, '{\"announcement_id\":5,\"title\":\"test 1\",\"description\":\"5g5g g\",\"image\":null,\"sent_at\":\"2025-04-15T16:37:22.729155Z\"}', NULL, '2025-04-15 16:37:22', '2025-04-15 16:37:22'),
('34c80395-d8bc-43f6-8f71-5aeb78d57ce7', 'App\\Notifications\\AnnouncementNotification', 'App\\Models\\User', 7, '{\"announcement_id\":5,\"title\":\"test 1\",\"description\":\"5g5g g\",\"image\":null,\"sent_at\":\"2025-04-15T16:37:30.605171Z\"}', NULL, '2025-04-15 16:37:30', '2025-04-15 16:37:30'),
('357c1ad4-9864-4dec-9401-26de3d9ef28c', 'App\\Notifications\\AnnouncementNotification', 'App\\Models\\User', 7, '{\"announcement_id\":5,\"title\":\"test 1\",\"description\":\"5g5g g\",\"image\":null,\"sent_at\":\"2025-04-15T16:45:59.882115Z\"}', NULL, '2025-04-15 16:45:59', '2025-04-15 16:45:59'),
('48ccae16-6b47-4e14-b168-db239db82c90', 'App\\Notifications\\AnnouncementNotification', 'App\\Models\\User', 8, '{\"announcement_id\":5,\"title\":\"test 1\",\"description\":\"5g5g g\",\"image\":null,\"sent_at\":\"2025-04-15T16:37:19.796075Z\"}', NULL, '2025-04-15 16:37:19', '2025-04-15 16:37:19'),
('513bcc7b-7141-4615-9ab8-d3952ab6938f', 'App\\Notifications\\AnnouncementNotification', 'App\\Models\\User', 8, '{\"announcement_id\":5,\"title\":\"test 1\",\"description\":\"5g5g g\",\"image\":null,\"sent_at\":\"2025-04-15T16:37:38.287180Z\"}', NULL, '2025-04-15 16:37:38', '2025-04-15 16:37:38'),
('529815a7-0239-4f2e-9210-1ef70b2d89a8', 'App\\Notifications\\AnnouncementNotification', 'App\\Models\\User', 8, '{\"announcement_id\":5,\"title\":\"test 1\",\"description\":\"5g5g g\",\"image\":null,\"sent_at\":\"2025-04-15T16:43:52.810058Z\"}', NULL, '2025-04-15 16:43:52', '2025-04-15 16:43:52'),
('5d94f45c-cffe-48b2-a1ff-cdc8ac41a7b3', 'App\\Notifications\\AnnouncementNotification', 'App\\Models\\User', 7, '{\"announcement_id\":5,\"title\":\"test 1\",\"description\":\"5g5g g\",\"image\":null,\"sent_at\":\"2025-04-15T16:37:36.763103Z\"}', NULL, '2025-04-15 16:37:36', '2025-04-15 16:37:36'),
('5ee3717f-551e-4ad3-9523-26d0d1415150', 'App\\Notifications\\AnnouncementNotification', 'App\\Models\\User', 8, '{\"announcement_id\":5,\"title\":\"test 1\",\"description\":\"5g5g g\",\"image\":null,\"sent_at\":\"2025-04-15T16:42:36.796188Z\"}', NULL, '2025-04-15 16:42:36', '2025-04-15 16:42:36'),
('65460235-3c7a-49f2-8a0c-0b5d0a0e3b40', 'App\\Notifications\\AnnouncementNotification', 'App\\Models\\User', 7, '{\"announcement_id\":5,\"title\":\"test 1\",\"description\":\"5g5g g\",\"image\":null,\"sent_at\":\"2025-04-15T16:37:18.254407Z\"}', NULL, '2025-04-15 16:37:18', '2025-04-15 16:37:18'),
('6596f525-7250-475c-928f-99b1e4fc4687', 'App\\Notifications\\AnnouncementNotification', 'App\\Models\\User', 7, '{\"announcement_id\":5,\"title\":\"test 1\",\"description\":\"5g5g g\",\"image\":null,\"sent_at\":\"2025-04-15T16:43:52.761815Z\"}', NULL, '2025-04-15 16:43:52', '2025-04-15 16:43:52'),
('66b8ee91-ab48-4812-947c-03059fa9f235', 'App\\Notifications\\AnnouncementNotification', 'App\\Models\\User', 7, '{\"announcement_id\":3,\"title\":\"sfvs\",\"description\":\"swfcwsf\",\"image\":null,\"sent_at\":\"2025-04-15T16:37:27.467109Z\"}', NULL, '2025-04-15 16:37:27', '2025-04-15 16:37:27'),
('8440951d-023c-4221-b86d-52e4544595e3', 'App\\Notifications\\AnnouncementNotification', 'App\\Models\\User', 7, '{\"announcement_id\":5,\"title\":\"test 1\",\"description\":\"5g5g g\",\"image\":null,\"sent_at\":\"2025-04-15T16:37:15.250994Z\"}', NULL, '2025-04-15 16:37:15', '2025-04-15 16:37:15'),
('8e7c691a-77d9-4073-8a12-9993d4221b6b', 'App\\Notifications\\AnnouncementNotification', 'App\\Models\\User', 8, '{\"announcement_id\":5,\"title\":\"test 1\",\"description\":\"5g5g g\",\"image\":null,\"sent_at\":\"2025-04-15T16:43:07.551491Z\"}', NULL, '2025-04-15 16:43:07', '2025-04-15 16:43:07'),
('95fd5c76-7b8c-46a2-b10d-0957598ef1aa', 'App\\Notifications\\AnnouncementNotification', 'App\\Models\\User', 8, '{\"announcement_id\":5,\"title\":\"test 1\",\"description\":\"5g5g g\",\"image\":null,\"sent_at\":\"2025-04-15T16:45:59.929420Z\"}', NULL, '2025-04-15 16:45:59', '2025-04-15 16:45:59'),
('98486175-f92b-40ba-8000-9a46e8aa4d4e', 'App\\Notifications\\AnnouncementNotification', 'App\\Models\\User', 7, '{\"announcement_id\":3,\"title\":\"sfvs\",\"description\":\"swfcwsf\",\"image\":null,\"sent_at\":\"2025-04-15T16:48:14.186713Z\"}', NULL, '2025-04-15 16:48:14', '2025-04-15 16:48:14'),
('9d309488-a930-47b1-8023-c10a2200cb3a', 'App\\Notifications\\AnnouncementNotification', 'App\\Models\\User', 8, '{\"announcement_id\":3,\"title\":\"sfvs\",\"description\":\"swfcwsf\",\"image\":null,\"sent_at\":\"2025-04-15T16:37:35.302696Z\"}', NULL, '2025-04-15 16:37:35', '2025-04-15 16:37:35'),
('a23f246c-8cec-4e98-b9eb-392ad26088c3', 'App\\Notifications\\AnnouncementNotification', 'App\\Models\\User', 8, '{\"announcement_id\":3,\"title\":\"sfvs\",\"description\":\"swfcwsf\",\"image\":null,\"sent_at\":\"2025-04-15T16:37:29.083594Z\"}', NULL, '2025-04-15 16:37:29', '2025-04-15 16:37:29'),
('c6a454b1-5a36-4749-bb63-4ea42f9188ff', 'App\\Notifications\\AnnouncementNotification', 'App\\Models\\User', 8, '{\"announcement_id\":3,\"title\":\"sfvs\",\"description\":\"swfcwsf\",\"image\":null,\"sent_at\":\"2025-04-15T16:48:14.239045Z\"}', NULL, '2025-04-15 16:48:14', '2025-04-15 16:48:14'),
('c7f39b21-387c-4af0-a43f-567e1de3df23', 'App\\Notifications\\AnnouncementNotification', 'App\\Models\\User', 8, '{\"announcement_id\":5,\"title\":\"test 1\",\"description\":\"5g5g g\",\"image\":null,\"sent_at\":\"2025-04-15T16:37:32.357246Z\"}', NULL, '2025-04-15 16:37:32', '2025-04-15 16:37:32'),
('cd6d2e98-4773-456e-a9f0-fe74155b6ba2', 'App\\Notifications\\AnnouncementNotification', 'App\\Models\\User', 7, '{\"announcement_id\":5,\"title\":\"test 1\",\"description\":\"5g5g g\",\"image\":null,\"sent_at\":\"2025-04-15T16:37:21.298559Z\"}', NULL, '2025-04-15 16:37:21', '2025-04-15 16:37:21'),
('e003a2a4-6f0b-40a5-b1e4-e36b95443c9e', 'App\\Notifications\\AnnouncementNotification', 'App\\Models\\User', 8, '{\"announcement_id\":5,\"title\":\"test 1\",\"description\":\"5g5g g\",\"image\":null,\"sent_at\":\"2025-04-15T16:37:16.795746Z\"}', NULL, '2025-04-15 16:37:16', '2025-04-15 16:37:16'),
('f58bbf8d-535d-493a-93bb-c14dcebf3d21', 'App\\Notifications\\AnnouncementNotification', 'App\\Models\\User', 7, '{\"announcement_id\":5,\"title\":\"test 1\",\"description\":\"5g5g g\",\"image\":null,\"sent_at\":\"2025-04-15T16:43:07.505021Z\"}', NULL, '2025-04-15 16:43:07', '2025-04-15 16:43:07');

-- --------------------------------------------------------

--
-- Table structure for table `password_reset_tokens`
--

CREATE TABLE `password_reset_tokens` (
  `email` varchar(255) NOT NULL,
  `token` varchar(255) NOT NULL,
  `created_at` timestamp NULL DEFAULT NULL
) ENGINE=InnoDB DEFAULT CHARSET=utf8mb4 COLLATE=utf8mb4_unicode_ci;

-- --------------------------------------------------------

--
-- Table structure for table `sessions`
--

CREATE TABLE `sessions` (
  `id` varchar(255) NOT NULL,
  `user_id` bigint(20) UNSIGNED DEFAULT NULL,
  `ip_address` varchar(45) DEFAULT NULL,
  `user_agent` text DEFAULT NULL,
  `payload` longtext NOT NULL,
  `last_activity` int(11) NOT NULL
) ENGINE=InnoDB DEFAULT CHARSET=utf8mb4 COLLATE=utf8mb4_unicode_ci;

--
-- Dumping data for table `sessions`
--

INSERT INTO `sessions` (`id`, `user_id`, `ip_address`, `user_agent`, `payload`, `last_activity`) VALUES
('cDCE80BJKFXvbGRCxt7ZUSvUrv8cVyN0NJtLB7Q9', 7, '127.0.0.1', 'Mozilla/5.0 (Windows NT 10.0; Win64; x64) AppleWebKit/537.36 (KHTML, like Gecko) Chrome/135.0.0.0 Safari/537.36 Edg/135.0.0.0', 'YTo1OntzOjY6Il90b2tlbiI7czo0MDoidERSdEN3UDhvc0daazc3anVES0NOWVFnS3l2cU0wY2ZFUERUM0UxUCI7czozOiJ1cmwiO2E6MTp7czo4OiJpbnRlbmRlZCI7czoyNzoiaHR0cDovL2xvY2FsaG9zdDo4MDAwL3Rhc2tzIjt9czo5OiJfcHJldmlvdXMiO2E6MTp7czozOiJ1cmwiO3M6Mjc6Imh0dHA6Ly9sb2NhbGhvc3Q6ODAwMC90YXNrcyI7fXM6NjoiX2ZsYXNoIjthOjI6e3M6Mzoib2xkIjthOjA6e31zOjM6Im5ldyI7YTowOnt9fXM6NTA6ImxvZ2luX3dlYl81OWJhMzZhZGRjMmIyZjk0MDE1ODBmMDE0YzdmNThlYTRlMzA5ODlkIjtpOjc7fQ==', 1744737150),
('SQ23NRFmZkjFd6vQ92TFMK177O22iDQlfEGvAlHt', 2, '127.0.0.1', 'Mozilla/5.0 (Windows NT 10.0; Win64; x64) AppleWebKit/537.36 (KHTML, like Gecko) Chrome/135.0.0.0 Safari/537.36', 'YTo1OntzOjY6Il90b2tlbiI7czo0MDoiV1VFRk8yQWI5eFNjSXREaWlCeG1mOHliOHh5eDJ0dnBpV1lpbGNMNSI7czozOiJ1cmwiO2E6MTp7czo4OiJpbnRlbmRlZCI7czoyNzoiaHR0cDovLzEyNy4wLjAuMTo4MDAwL3Rhc2tzIjt9czo5OiJfcHJldmlvdXMiO2E6MTp7czozOiJ1cmwiO3M6Mjc6Imh0dHA6Ly8xMjcuMC4wLjE6ODAwMC90YXNrcyI7fXM6NjoiX2ZsYXNoIjthOjI6e3M6Mzoib2xkIjthOjA6e31zOjM6Im5ldyI7YTowOnt9fXM6NTA6ImxvZ2luX3dlYl81OWJhMzZhZGRjMmIyZjk0MDE1ODBmMDE0YzdmNThlYTRlMzA5ODlkIjtpOjI7fQ==', 1744729634),
('wfVutAyNaUlzIF8zxAkyUbZ5Sy7kWQemwunWz8e7', 1, '127.0.0.1', 'Mozilla/5.0 (Windows NT 10.0; Win64; x64) AppleWebKit/537.36 (KHTML, like Gecko) Chrome/135.0.0.0 Safari/537.36', 'YTo1OntzOjY6Il90b2tlbiI7czo0MDoiQ1RVaUpIbHR5N3p3N1I0ZXhKOTNSaGFNR1RFbEMxbXZiVmg0TjhZVCI7czozOiJ1cmwiO2E6MTp7czo4OiJpbnRlbmRlZCI7czozNjoiaHR0cDovLzEyNy4wLjAuMTo4MDAwL3Rhc2stYXBwcm92YWxzIjt9czo5OiJfcHJldmlvdXMiO2E6MTp7czozOiJ1cmwiO3M6MzU6Imh0dHA6Ly8xMjcuMC4wLjE6ODAwMC9hbm5vdW5jZW1lbnRzIjt9czo2OiJfZmxhc2giO2E6Mjp7czozOiJvbGQiO2E6MDp7fXM6MzoibmV3IjthOjA6e319czo1MDoibG9naW5fd2ViXzU5YmEzNmFkZGMyYjJmOTQwMTU4MGYwMTRjN2Y1OGVhNGUzMDk4OWQiO2k6MTt9', 1744737056),
('yYJrHx5DE3eYh4gaYFRYz5c0x75TNAAk6Z5e5hdx', 2, '127.0.0.1', 'Mozilla/5.0 (Windows NT 10.0; Win64; x64) AppleWebKit/537.36 (KHTML, like Gecko) Chrome/135.0.0.0 Safari/537.36', 'YTo1OntzOjY6Il90b2tlbiI7czo0MDoiYXdSYmgyRW5hVkhhR1ZJUVVKMnFHb0lVTnp3UEo3N2VSaTh0bzNBTyI7czozOiJ1cmwiO2E6MTp7czo4OiJpbnRlbmRlZCI7czoyNzoiaHR0cDovLzEyNy4wLjAuMTo4MDAwL3Rhc2tzIjt9czo5OiJfcHJldmlvdXMiO2E6MTp7czozOiJ1cmwiO3M6MjY6Imh0dHA6Ly8xMjcuMC4wLjE6ODAwMC9ob21lIjt9czo2OiJfZmxhc2giO2E6Mjp7czozOiJvbGQiO2E6MDp7fXM6MzoibmV3IjthOjA6e319czo1MDoibG9naW5fd2ViXzU5YmEzNmFkZGMyYjJmOTQwMTU4MGYwMTRjN2Y1OGVhNGUzMDk4OWQiO2k6Mjt9', 1744737212);

-- --------------------------------------------------------

--
-- Table structure for table `tasks`
--

CREATE TABLE `tasks` (
  `id` bigint(20) UNSIGNED NOT NULL,
  `teacher_id` bigint(20) UNSIGNED NOT NULL,
  `student_id` bigint(20) UNSIGNED NOT NULL,
  `title` varchar(255) NOT NULL,
  `description` text DEFAULT NULL,
  `approved_at` timestamp NULL DEFAULT NULL,
  `status` enum('pending','approved','rejected') NOT NULL DEFAULT 'pending',
  `deleted_at` timestamp NULL DEFAULT NULL,
  `created_at` timestamp NULL DEFAULT NULL,
  `updated_at` timestamp NULL DEFAULT NULL
) ENGINE=InnoDB DEFAULT CHARSET=utf8mb4 COLLATE=utf8mb4_unicode_ci;

--
-- Dumping data for table `tasks`
--

INSERT INTO `tasks` (`id`, `teacher_id`, `student_id`, `title`, `description`, `approved_at`, `status`, `deleted_at`, `created_at`, `updated_at`) VALUES
(1, 2, 7, 'test', 'asdcvsd fds deb rdtb betr 2', '2025-04-14 09:45:48', 'approved', NULL, '2025-04-14 08:47:56', '2025-04-14 09:45:48'),
(2, 2, 7, 'sfdvsd v', 'dfvdfsvdfvfdv dfvbsdfb ddf bdgb dfvdfsvdfvfdv dfvbsdfb ddf bdgb dfvdfsvdfvfdv dfvbsdfb ddf bdgbv vdfvdfsvdfvfdv dfvbsdfb ddf bdgb dfvdfsvdfvfdv dfvbsdfb ddf bdgb dfvdfsvdfvfdv dfvbsdfb ddf bdgb', '2025-04-14 11:15:22', 'approved', NULL, '2025-04-14 11:15:04', '2025-04-14 11:15:22'),
(3, 2, 7, 'fdgdf gfnb fg fg 1', 'dbgd dgb jk rtb hutegh eutg eyg ueyg ueyg ehguioehgeui hgue gu eog 1', NULL, 'pending', '2025-04-14 12:00:06', '2025-04-14 11:26:46', '2025-04-14 12:00:06'),
(4, 2, 7, 'dfgbgfdb 12', 'fgnbfgb 112', NULL, 'pending', '2025-04-14 12:27:44', '2025-04-14 11:31:35', '2025-04-14 12:27:44'),
(5, 2, 8, 'dbfgvb', 'dbdb df', NULL, 'pending', '2025-04-15 15:06:55', '2025-04-14 11:34:51', '2025-04-15 15:06:55'),
(6, 2, 7, 'vnbf vf ngh', 'fgnbfg nfc', NULL, 'pending', NULL, '2025-04-14 11:37:15', '2025-04-14 11:37:15'),
(7, 2, 7, 'dcsadc', 'dsacdsac', NULL, 'pending', NULL, '2025-04-14 11:40:58', '2025-04-14 11:40:58'),
(8, 2, 7, 'fsdvfsd', 'fdbvdf', NULL, 'pending', NULL, '2025-04-14 11:43:11', '2025-04-14 11:43:11'),
(9, 2, 8, 'dfv', 'fdfd', NULL, 'pending', NULL, '2025-04-14 11:47:37', '2025-04-14 11:47:37'),
(10, 2, 7, 'v dxf v', 'dfsvbdf dfg b', '2025-04-14 12:22:26', 'approved', NULL, '2025-04-14 12:16:37', '2025-04-14 12:22:26');

-- --------------------------------------------------------

--
-- Table structure for table `task_feedback`
--

CREATE TABLE `task_feedback` (
  `id` bigint(20) UNSIGNED NOT NULL,
  `submission_id` bigint(20) UNSIGNED NOT NULL,
  `teacher_id` bigint(20) UNSIGNED NOT NULL,
  `feedback` text NOT NULL,
  `created_at` timestamp NULL DEFAULT NULL,
  `updated_at` timestamp NULL DEFAULT NULL
) ENGINE=InnoDB DEFAULT CHARSET=utf8mb4 COLLATE=utf8mb4_unicode_ci;

--
-- Dumping data for table `task_feedback`
--

INSERT INTO `task_feedback` (`id`, `submission_id`, `teacher_id`, `feedback`, `created_at`, `updated_at`) VALUES
(1, 1, 2, 'fine', '2025-04-15 15:02:17', '2025-04-15 15:02:17'),
(2, 3, 2, 'dfvgdf dfvbdfvbdf vdfvdf', '2025-04-15 15:06:41', '2025-04-15 15:06:41');

-- --------------------------------------------------------

--
-- Table structure for table `task_submissions`
--

CREATE TABLE `task_submissions` (
  `id` bigint(20) UNSIGNED NOT NULL,
  `task_id` bigint(20) UNSIGNED NOT NULL,
  `student_id` bigint(20) UNSIGNED NOT NULL,
  `note` text DEFAULT NULL,
  `files` varchar(255) DEFAULT NULL,
  `created_at` timestamp NULL DEFAULT NULL,
  `updated_at` timestamp NULL DEFAULT NULL
) ENGINE=InnoDB DEFAULT CHARSET=utf8mb4 COLLATE=utf8mb4_unicode_ci;

--
-- Dumping data for table `task_submissions`
--

INSERT INTO `task_submissions` (`id`, `task_id`, `student_id`, `note`, `files`, `created_at`, `updated_at`) VALUES
(1, 1, 7, 'test', 'task_submissions/m6q5nwfWOQNcwVKTHWVG60Bvq6zFswJ18BmyWd5t.pdf', '2025-04-15 12:57:51', '2025-04-15 12:57:51'),
(3, 2, 7, 'test drove vehicle', 'task_submissions/RdvSWw1qvOyW3P4RbwqIl5Tobhx1iEQtboiLBzJV.pdf', '2025-04-15 15:06:25', '2025-04-15 15:06:25');

-- --------------------------------------------------------

--
-- Table structure for table `users`
--

CREATE TABLE `users` (
  `id` bigint(20) UNSIGNED NOT NULL,
  `name` varchar(255) NOT NULL,
  `code` varchar(255) DEFAULT NULL,
  `email` varchar(255) NOT NULL,
  `phone` varchar(255) DEFAULT NULL,
  `role` enum('headmaster','teacher','student') NOT NULL DEFAULT 'student',
  `address` varchar(255) DEFAULT NULL,
  `class` varchar(255) DEFAULT NULL,
  `section` varchar(255) DEFAULT NULL,
  `subject` varchar(255) DEFAULT NULL,
  `designation` varchar(255) DEFAULT NULL,
  `email_verified_at` timestamp NULL DEFAULT NULL,
  `password` varchar(255) NOT NULL,
  `remember_token` varchar(100) DEFAULT NULL,
  `created_at` timestamp NULL DEFAULT NULL,
  `updated_at` timestamp NULL DEFAULT NULL,
  `deleted_at` timestamp NULL DEFAULT NULL,
  `student_created_by` varchar(255) DEFAULT NULL
) ENGINE=InnoDB DEFAULT CHARSET=utf8mb4 COLLATE=utf8mb4_unicode_ci;

--
-- Dumping data for table `users`
--

INSERT INTO `users` (`id`, `name`, `code`, `email`, `phone`, `role`, `address`, `class`, `section`, `subject`, `designation`, `email_verified_at`, `password`, `remember_token`, `created_at`, `updated_at`, `deleted_at`, `student_created_by`) VALUES
(1, 'Head Master', NULL, 'robiultufan.dev@gmail.com', '01321369852', 'headmaster', 'Dhaka', NULL, NULL, NULL, NULL, NULL, '$2y$12$Zj0YanhD4ItiIYWlI2Kv0eyK1X2WE.K/cABVAoqHCyBEcPVXY0NNO', NULL, '2025-04-13 13:08:48', '2025-04-14 06:44:11', NULL, NULL),
(2, 'Teacher', '1001', 'robiultufan63@gmail.com', '01321456789', 'teacher', 'Dhaka', NULL, NULL, 'bangla', 'Jr. L', NULL, '$2y$12$IAwCRTAoJnnRQO0id5LmheXIDOg2Di8AMlSOcysPGvq0tF9vpY8Ce', NULL, '2025-04-13 13:33:07', '2025-04-15 17:13:19', NULL, NULL),
(3, 'Ivor Stafford', '1002', 'test@gmail.com', '01303480281', 'teacher', 'fnb ffg', NULL, NULL, 'Officiis est facere', NULL, NULL, '$2y$12$miYXissRlsm7LS6Jw8KS9eTdf0WwwavflVj/nVSlibqDETTueH/5C', NULL, '2025-04-13 14:01:43', '2025-04-13 22:43:20', '2025-04-13 22:43:20', NULL),
(5, 'tufan', '1101', 'tufan@gmail.com', '01321456789', 'student', 'dhaka', 'ten', 'a', NULL, NULL, NULL, '$2y$12$U7v2EETh5.RjwKI95DVu6uPqlsEhp6acmRgNYNCZrw/3RZuy1TO/q', NULL, '2025-04-14 00:17:19', '2025-04-14 01:27:51', '2025-04-14 01:27:51', NULL),
(7, 'tufan', '10031', 'robiultufan61@gmail.com', '01234456987', 'student', 'dhaka', 'ten', 'a', NULL, NULL, NULL, '$2y$12$OLLUHTQ6ZB5mXsUu/9UoB.A1TSWESrzkJPSLfeAO.ZhHa2xcWt.Ua', NULL, '2025-04-14 00:50:07', '2025-04-14 00:50:07', NULL, '2'),
(8, 'test 1', '11002', 'test2@gmail.com', '01232456936', 'student', 'qasxda', 'six', '4', NULL, NULL, NULL, '$2y$12$n83ZI/3W8aLzNxkRC5lpV.OoYsN8TGy1SHsaT3COm1GCgkJFvPSQ.', NULL, '2025-04-14 09:17:47', '2025-04-14 09:17:47', NULL, '2'),
(9, 'Teacher 2', '1002', 'teacher2@gmail.com', '01321258321', 'teacher', 'sfvsd', NULL, NULL, 'Math', 'SR.', NULL, '$2y$12$HcgmLavv.L1qOjPKir8ce.DXkkoOi27va0jaDaMpW.6jRaPbleEUe', NULL, '2025-04-14 09:21:40', '2025-04-14 09:21:40', NULL, NULL);

--
-- Indexes for dumped tables
--

--
-- Indexes for table `announcements`
--
ALTER TABLE `announcements`
  ADD PRIMARY KEY (`id`);

--
-- Indexes for table `cache`
--
ALTER TABLE `cache`
  ADD PRIMARY KEY (`key`);

--
-- Indexes for table `cache_locks`
--
ALTER TABLE `cache_locks`
  ADD PRIMARY KEY (`key`);

--
-- Indexes for table `delete_requests`
--
ALTER TABLE `delete_requests`
  ADD PRIMARY KEY (`id`),
  ADD KEY `delete_requests_user_id_foreign` (`user_id`),
  ADD KEY `delete_requests_requested_by_foreign` (`requested_by`);

--
-- Indexes for table `failed_jobs`
--
ALTER TABLE `failed_jobs`
  ADD PRIMARY KEY (`id`),
  ADD UNIQUE KEY `failed_jobs_uuid_unique` (`uuid`);

--
-- Indexes for table `jobs`
--
ALTER TABLE `jobs`
  ADD PRIMARY KEY (`id`),
  ADD KEY `jobs_queue_index` (`queue`);

--
-- Indexes for table `job_batches`
--
ALTER TABLE `job_batches`
  ADD PRIMARY KEY (`id`);

--
-- Indexes for table `migrations`
--
ALTER TABLE `migrations`
  ADD PRIMARY KEY (`id`);

--
-- Indexes for table `notifications`
--
ALTER TABLE `notifications`
  ADD PRIMARY KEY (`id`),
  ADD KEY `notifications_notifiable_type_notifiable_id_index` (`notifiable_type`,`notifiable_id`);

--
-- Indexes for table `password_reset_tokens`
--
ALTER TABLE `password_reset_tokens`
  ADD PRIMARY KEY (`email`);

--
-- Indexes for table `sessions`
--
ALTER TABLE `sessions`
  ADD PRIMARY KEY (`id`),
  ADD KEY `sessions_user_id_index` (`user_id`),
  ADD KEY `sessions_last_activity_index` (`last_activity`);

--
-- Indexes for table `tasks`
--
ALTER TABLE `tasks`
  ADD PRIMARY KEY (`id`),
  ADD KEY `tasks_teacher_id_foreign` (`teacher_id`),
  ADD KEY `tasks_student_id_foreign` (`student_id`);

--
-- Indexes for table `task_feedback`
--
ALTER TABLE `task_feedback`
  ADD PRIMARY KEY (`id`),
  ADD KEY `task_feedback_submission_id_foreign` (`submission_id`),
  ADD KEY `task_feedback_teacher_id_foreign` (`teacher_id`);

--
-- Indexes for table `task_submissions`
--
ALTER TABLE `task_submissions`
  ADD PRIMARY KEY (`id`),
  ADD KEY `task_submissions_task_id_foreign` (`task_id`),
  ADD KEY `task_submissions_student_id_foreign` (`student_id`);

--
-- Indexes for table `users`
--
ALTER TABLE `users`
  ADD PRIMARY KEY (`id`),
  ADD UNIQUE KEY `users_email_unique` (`email`);

--
-- AUTO_INCREMENT for dumped tables
--

--
-- AUTO_INCREMENT for table `announcements`
--
ALTER TABLE `announcements`
  MODIFY `id` bigint(20) UNSIGNED NOT NULL AUTO_INCREMENT, AUTO_INCREMENT=7;

--
-- AUTO_INCREMENT for table `delete_requests`
--
ALTER TABLE `delete_requests`
  MODIFY `id` bigint(20) UNSIGNED NOT NULL AUTO_INCREMENT, AUTO_INCREMENT=2;

--
-- AUTO_INCREMENT for table `failed_jobs`
--
ALTER TABLE `failed_jobs`
  MODIFY `id` bigint(20) UNSIGNED NOT NULL AUTO_INCREMENT, AUTO_INCREMENT=10;

--
-- AUTO_INCREMENT for table `jobs`
--
ALTER TABLE `jobs`
  MODIFY `id` bigint(20) UNSIGNED NOT NULL AUTO_INCREMENT, AUTO_INCREMENT=77;

--
-- AUTO_INCREMENT for table `migrations`
--
ALTER TABLE `migrations`
  MODIFY `id` int(10) UNSIGNED NOT NULL AUTO_INCREMENT, AUTO_INCREMENT=28;

--
-- AUTO_INCREMENT for table `tasks`
--
ALTER TABLE `tasks`
  MODIFY `id` bigint(20) UNSIGNED NOT NULL AUTO_INCREMENT, AUTO_INCREMENT=11;

--
-- AUTO_INCREMENT for table `task_feedback`
--
ALTER TABLE `task_feedback`
  MODIFY `id` bigint(20) UNSIGNED NOT NULL AUTO_INCREMENT, AUTO_INCREMENT=3;

--
-- AUTO_INCREMENT for table `task_submissions`
--
ALTER TABLE `task_submissions`
  MODIFY `id` bigint(20) UNSIGNED NOT NULL AUTO_INCREMENT, AUTO_INCREMENT=4;

--
-- AUTO_INCREMENT for table `users`
--
ALTER TABLE `users`
  MODIFY `id` bigint(20) UNSIGNED NOT NULL AUTO_INCREMENT, AUTO_INCREMENT=10;

--
-- Constraints for dumped tables
--

--
-- Constraints for table `delete_requests`
--
ALTER TABLE `delete_requests`
  ADD CONSTRAINT `delete_requests_requested_by_foreign` FOREIGN KEY (`requested_by`) REFERENCES `users` (`id`) ON DELETE CASCADE,
  ADD CONSTRAINT `delete_requests_user_id_foreign` FOREIGN KEY (`user_id`) REFERENCES `users` (`id`) ON DELETE CASCADE;

--
-- Constraints for table `tasks`
--
ALTER TABLE `tasks`
  ADD CONSTRAINT `tasks_student_id_foreign` FOREIGN KEY (`student_id`) REFERENCES `users` (`id`) ON DELETE CASCADE,
  ADD CONSTRAINT `tasks_teacher_id_foreign` FOREIGN KEY (`teacher_id`) REFERENCES `users` (`id`) ON DELETE CASCADE;

--
-- Constraints for table `task_feedback`
--
ALTER TABLE `task_feedback`
  ADD CONSTRAINT `task_feedback_submission_id_foreign` FOREIGN KEY (`submission_id`) REFERENCES `task_submissions` (`id`) ON DELETE CASCADE,
  ADD CONSTRAINT `task_feedback_teacher_id_foreign` FOREIGN KEY (`teacher_id`) REFERENCES `users` (`id`) ON DELETE CASCADE;

--
-- Constraints for table `task_submissions`
--
ALTER TABLE `task_submissions`
  ADD CONSTRAINT `task_submissions_student_id_foreign` FOREIGN KEY (`student_id`) REFERENCES `users` (`id`) ON DELETE CASCADE,
  ADD CONSTRAINT `task_submissions_task_id_foreign` FOREIGN KEY (`task_id`) REFERENCES `tasks` (`id`) ON DELETE CASCADE;
COMMIT;

/*!40101 SET CHARACTER_SET_CLIENT=@OLD_CHARACTER_SET_CLIENT */;
/*!40101 SET CHARACTER_SET_RESULTS=@OLD_CHARACTER_SET_RESULTS */;
/*!40101 SET COLLATION_CONNECTION=@OLD_COLLATION_CONNECTION */;
